name,price,images,videos,Key Ingredient,Size
The 6 Peptide Brightening Boost Duo,$42.50,//cdn.shopify.com/s/files/1/0513/3775/6828/products/4____23.webp?v=1772785652,,,
The Niacinamide 15 Serum,$25.00,"//cdn.shopify.com/s/files/1/0513/3775/6828/files/niacin.png?v=1748420816,//cdn.shopify.com/s/files/1/0513/3775/6828/files/the-niacinamide-15-serum-cosrx-official-2.jpg?v=1748420816,//cdn.shopify.com/s/files/1/0513/3775/6828/files/the-niacinamide-15-serum-cosrx-official-3.jpg?v=1748420816,//cdn.shopify.com/s/files/1/0513/3775/6828/files/The_Niacinamade15_16.jpg?v=1757381343,//cdn.shopify.com/s/files/1/0513/3775/6828/files/the-niacinamide-15-serum-cosrx-official-5.jpg?v=1757381343,//cdn.shopify.com/s/files/1/0513/3775/6828/files/the-niacinamide-15-serum-cosrx-official-6.jpg?v=1757381343,//cdn.shopify.com/s/files/1/0513/3775/6828/files/the-niacinamide-15-serum-cosrx-official-7.png?v=1757381343,//cdn.shopify.com/s/files/1/0513/3775/6828/files/the-niacinamide-15-serum-cosrx-official-8.jpg?v=1757381343,//cdn.shopify.com/s/files/1/0513/3775/6828/files/the-niacinamide-15-serum-cosrx-official-9.jpg?v=1757381343,//cdn.shopify.com/s/files/1/0513/3775/6828/files/the-niacinamide-15-serum-cosrx-official-10.jpg?v=1757381343,//cdn.shopify.com/s/files/1/0513/3775/6828/files/the-niacinamide-15-serum-cosrx-official-12.jpg?v=1757381343,//cdn.shopify.com/s/files/1/0513/3775/6828/files/The_Niacinamade15_13.jpg?v=1757381343,//cdn.shopify.com/s/files/1/0513/3775/6828/files/the-niacinamide-15-serum-cosrx-official-13.jpg?v=1757381343,//cdn.shopify.com/s/files/1/0513/3775/6828/files/the-niacinamide-15-serum-cosrx-official-14.jpg?v=1757381343,//cdn.shopify.com/s/files/1/0513/3775/6828/files/the-niacinamide-15-serum-cosrx-official-15.jpg?v=1757381343",,,20ml / 0.67 fl. oz
COSRX 5 PDRN Collagen Vitalizing Hydrogel Eye Patch,$23.00,"//cdn.shopify.com/s/files/1/0513/3775/6828/files/5PDRN_EyePatch_00.webp?v=1772608315,//cdn.shopify.com/s/files/1/0513/3775/6828/files/5PDRN_EyePatch_01.webp?v=1772608315,//cdn.shopify.com/s/files/1/0513/3775/6828/files/5PDRN_EyePatch_02.webp?v=1772608315,//cdn.shopify.com/s/files/1/0513/3775/6828/files/5PDRN_EyePatch_03_8bd422aa-f32b-4332-870b-0b2f5bfed3a1.webp?v=1772759966,//cdn.shopify.com/s/files/1/0513/3775/6828/files/5PDRN_EyePatch_04.webp?v=1772759966,//cdn.shopify.com/s/files/1/0513/3775/6828/files/5PDRN_EyePatch_05.webp?v=1772759966,//cdn.shopify.com/s/files/1/0513/3775/6828/files/5PDRN_EyePatch_07.webp?v=1772759966,//cdn.shopify.com/s/files/1/0513/3775/6828/files/5PDRN_EyePatch_08_abec475b-8a49-4ad8-b363-9a88957bec31.webp?v=1772759966,//cdn.shopify.com/s/files/1/0513/3775/6828/files/5PDRN_EyePatch_09.webp?v=1772759966,//cdn.shopify.com/s/files/1/0513/3775/6828/files/5PDRN_EyePatch_11.webp?v=1772759966,//cdn.shopify.com/s/files/1/0513/3775/6828/files/5PDRN_EyePatch_13_db2af273-c0e2-465b-bf71-5c7f3743b889.webp?v=1772759966,//cdn.shopify.com/s/files/1/0513/3775/6828/files/5PDRN_EyePatch_14.webp?v=1772759966,//cdn.shopify.com/s/files/1/0513/3775/6828/files/5PDRN_EyePatch_15.webp?v=1772759966,//cdn.shopify.com/s/files/1/0513/3775/6828/files/5PDRN_EyePatch_16.webp?v=1772759966,//cdn.shopify.com/s/files/1/0513/3775/6828/files/5PDRN_EyePatch_17.webp?v=1772759966,//cdn.shopify.com/s/files/1/0513/3775/6828/files/5PDRN_EyePatch_18.webp?v=1772759966,//cdn.shopify.com/s/files/1/0513/3775/6828/files/5PDRN_EyePatch_19.webp?v=1772759966,//cdn.shopify.com/s/files/1/0513/3775/6828/files/5PDRN_EyePatch_20.webp?v=1772759966,//cdn.shopify.com/s/files/1/0513/3775/6828/files/5PDRN_EyePatch_21.webp?v=1772759966,//cdn.shopify.com/s/files/1/0513/3775/6828/files/5PDRN_EyePatch_22.webp?v=1772759966,//cdn.shopify.com/s/files/1/0513/3775/6828/files/5PDRN_EyePatch_23.webp?v=1772759966,//cdn.shopify.com/s/files/1/0513/3775/6828/files/preview_images/8a9798fbf2d4484c87e08daacc9aa9d7.thumbnail.0000000000_1024x.jpg?v=1772759610,//cdn.shopify.com/s/files/1/0513/3775/6828/files/preview_images/8897bfbbc8334c00a174bcc5f7374aee.thumbnail.0000000000_1024x.jpg?v=1772759664,//cdn.shopify.com/s/files/1/0513/3775/6828/files/preview_images/3f15532ee21f481e802e0f02637010bf.thumbnail.0000000000_1024x.jpg?v=1772759670","https://cdn.shopify.com/videos/c/vp/8a9798fbf2d4484c87e08daacc9aa9d7/8a9798fbf2d4484c87e08daacc9aa9d7.HD-720p-1.6Mbps-77266445.mp4,https://cdn.shopify.com/videos/c/vp/8897bfbbc8334c00a174bcc5f7374aee/8897bfbbc8334c00a174bcc5f7374aee.HD-720p-1.6Mbps-77266480.mp4,https://cdn.shopify.com/videos/c/vp/3f15532ee21f481e802e0f02637010bf/3f15532ee21f481e802e0f02637010bf.HD-720p-1.6Mbps-77266482.mp4",,
COSRX PEPTIDE-132 Ultra Perfect Hair Bonding Oil Serum,$19.00,"//cdn.shopify.com/s/files/1/0513/3775/6828/files/Peptide_132_00_OilSerum.webp?v=1750221847,//cdn.shopify.com/s/files/1/0513/3775/6828/files/Peptide_132_04_OilSerum.webp?v=1750844824,//cdn.shopify.com/s/files/1/0513/3775/6828/files/Peptide_132_06_7457d606-fad1-4d14-8493-1c3106e24248.webp?v=1750844824,//cdn.shopify.com/s/files/1/0513/3775/6828/files/Peptide_132_08_OilSerum.webp?v=1750844824,//cdn.shopify.com/s/files/1/0513/3775/6828/files/Peptide_132_09_OilSerum.webp?v=1750844824,//cdn.shopify.com/s/files/1/0513/3775/6828/files/Peptide_132_15_OilSerum_a579010a-e9a3-41d8-b87f-a32c03cfa552.webp?v=1750844824,//cdn.shopify.com/s/files/1/0513/3775/6828/files/Peptide_132_16_OilSerum.webp?v=1750844824,//cdn.shopify.com/s/files/1/0513/3775/6828/files/Peptide_132_17_OilSerum.webp?v=1750844824,//cdn.shopify.com/s/files/1/0513/3775/6828/files/Peptide_132_07.jpg?v=1752205437,//cdn.shopify.com/s/files/1/0513/3775/6828/files/Peptide_132_19.webp?v=1774589017,//cdn.shopify.com/s/files/1/0513/3775/6828/files/preview_images/36f0fd7801ac4c3499e0ac6de63d3e09.thumbnail.0000000000_1024x.jpg?v=1750221862,//cdn.shopify.com/s/files/1/0513/3775/6828/files/preview_images/caf7e29e67dc400c97043ed4b1111ba4.thumbnail.0000000000_1024x.jpg?v=1750221856,//cdn.shopify.com/s/files/1/0513/3775/6828/files/preview_images/3acc87a85a4e4b38b1cae9ae766ffa08.thumbnail.0000000000_1024x.jpg?v=1750221861,//cdn.shopify.com/s/files/1/0513/3775/6828/files/preview_images/df42bc05215f4ff2833be63a21dc427f.thumbnail.0000000000_1024x.jpg?v=1750221862,//cdn.shopify.com/s/files/1/0513/3775/6828/files/preview_images/ed192d374c134c6f94b04058d0d40955.thumbnail.0000000000_1024x.jpg?v=1750221857,//cdn.shopify.com/s/files/1/0513/3775/6828/files/preview_images/e44d68a72bf1484b912f2c5657627e32.thumbnail.0000000000_1024x.jpg?v=1750221862,//cdn.shopify.com/s/files/1/0513/3775/6828/files/preview_images/43e83d157d8b486097e08bb3040f338a.thumbnail.0000000000_1024x.jpg?v=1750656360,//cdn.shopify.com/s/files/1/0513/3775/6828/files/preview_images/ff69d45fc70b4908ab93be7a72b78ded.thumbnail.0000000000_1024x.jpg?v=1750221861,//cdn.shopify.com/s/files/1/0513/3775/6828/files/preview_images/abf8fffac10e499ca4d20798af3e2493.thumbnail.0000000000_1024x.jpg?v=1750221856,//cdn.shopify.com/s/files/1/0513/3775/6828/files/preview_images/29f2bf99f2d242f3861c23f7c1760767.thumbnail.0000000000_1024x.jpg?v=1750221856","https://cdn.shopify.com/videos/c/vp/36f0fd7801ac4c3499e0ac6de63d3e09/36f0fd7801ac4c3499e0ac6de63d3e09.HD-720p-4.5Mbps-49591496.mp4,https://cdn.shopify.com/videos/c/vp/caf7e29e67dc400c97043ed4b1111ba4/caf7e29e67dc400c97043ed4b1111ba4.HD-720p-2.1Mbps-49591497.mp4,https://cdn.shopify.com/videos/c/vp/3acc87a85a4e4b38b1cae9ae766ffa08/3acc87a85a4e4b38b1cae9ae766ffa08.HD-720p-4.5Mbps-49591498.mp4,https://cdn.shopify.com/videos/c/vp/df42bc05215f4ff2833be63a21dc427f/df42bc05215f4ff2833be63a21dc427f.HD-720p-3.0Mbps-49591499.mp4,https://cdn.shopify.com/videos/c/vp/ed192d374c134c6f94b04058d0d40955/ed192d374c134c6f94b04058d0d40955.HD-720p-1.6Mbps-49591500.mp4,https://cdn.shopify.com/videos/c/vp/e44d68a72bf1484b912f2c5657627e32/e44d68a72bf1484b912f2c5657627e32.HD-720p-1.6Mbps-49591501.mp4,https://cdn.shopify.com/videos/c/vp/43e83d157d8b486097e08bb3040f338a/43e83d157d8b486097e08bb3040f338a.HD-720p-1.6Mbps-49859484.mp4,https://cdn.shopify.com/videos/c/vp/ff69d45fc70b4908ab93be7a72b78ded/ff69d45fc70b4908ab93be7a72b78ded.HD-720p-4.5Mbps-49591503.mp4,https://cdn.shopify.com/videos/c/vp/abf8fffac10e499ca4d20798af3e2493/abf8fffac10e499ca4d20798af3e2493.HD-720p-1.6Mbps-49591504.mp4,https://cdn.shopify.com/videos/c/vp/29f2bf99f2d242f3861c23f7c1760767/29f2bf99f2d242f3861c23f7c1760767.HD-720p-1.6Mbps-49591505.mp4",,28 mL / 0.94 fl. oz.
The Retinol 0.5 Oil,$27.00,"//cdn.shopify.com/s/files/1/0513/3775/6828/files/the-retinol-0-5-oil-cosrx-official-1.jpg?v=1724836571,//cdn.shopify.com/s/files/1/0513/3775/6828/files/the-retinol-0-5-oil-cosrx-official-2.jpg?v=1724836574,//cdn.shopify.com/s/files/1/0513/3775/6828/files/the-retinol-0-5-oil-cosrx-official-3.jpg?v=1724836576,//cdn.shopify.com/s/files/1/0513/3775/6828/files/the-retinol-0-5-oil-cosrx-official-4.jpg?v=1724836578,//cdn.shopify.com/s/files/1/0513/3775/6828/files/the-retinol-0-5-oil-cosrx-official-5.jpg?v=1724836580,//cdn.shopify.com/s/files/1/0513/3775/6828/files/the-retinol-0-5-oil-cosrx-official-6.jpg?v=1724836582,//cdn.shopify.com/s/files/1/0513/3775/6828/files/the-retinol-0-5-oil-cosrx-official-7.jpg?v=1724836584,//cdn.shopify.com/s/files/1/0513/3775/6828/files/the-retinol-0-5-oil-cosrx-official-8.jpg?v=1724836587,//cdn.shopify.com/s/files/1/0513/3775/6828/files/the-retinol-0-5-oil-cosrx-official-9.jpg?v=1724836589,//cdn.shopify.com/s/files/1/0513/3775/6828/files/TheRetinol03Cream_16_5c25bd02-e692-474c-b171-4c499bd29146.webp?v=1699580195,//cdn.shopify.com/s/files/1/0513/3775/6828/files/the-retinol-0-5-oil-cosrx-official-11.jpg?v=1724836593,//cdn.shopify.com/s/files/1/0513/3775/6828/products/7998a3091c8941bd90fb29b20150c5fe.thumbnail.0000000000_1024x.jpg?v=1660793798,//cdn.shopify.com/s/files/1/0513/3775/6828/products/c4d2ce42798440719a3367ab7072552e.thumbnail.0000000000_1024x.jpg?v=1660793798,//cdn.shopify.com/s/files/1/0513/3775/6828/products/c99939aed0534cb6a65ec7ce730be23e.thumbnail.0000000000_1024x.jpg?v=1660729457","https://cdn.shopify.com/videos/c/vp/7998a3091c8941bd90fb29b20150c5fe/7998a3091c8941bd90fb29b20150c5fe.HD-720p-4.5Mbps-8822703.mp4,https://cdn.shopify.com/videos/c/vp/c4d2ce42798440719a3367ab7072552e/c4d2ce42798440719a3367ab7072552e.HD-720p-4.5Mbps-8822702.mp4,https://cdn.shopify.com/videos/c/vp/c99939aed0534cb6a65ec7ce730be23e/c99939aed0534cb6a65ec7ce730be23e.HD-720p-1.6Mbps-8807798.mp4",,20ml / 0.67fl. Oz
COSRX PEPTIDE-132 Ultra Perfect Hair Bonding Shampoo,$30.00,"//cdn.shopify.com/s/files/1/0513/3775/6828/files/Peptide_132_00_Shampoo.webp?v=1773219196,//cdn.shopify.com/s/files/1/0513/3775/6828/files/Peptide_132_mini_Kit_09.webp?v=1773221391,//cdn.shopify.com/s/files/1/0513/3775/6828/files/Peptide_132_04_Shampoo_21a60ba4-e63c-48ea-b38c-e6e431e79e12.webp?v=1773221391,//cdn.shopify.com/s/files/1/0513/3775/6828/files/Peptide_132_06_08007346-18d7-4ac5-96b2-45b453760ffb.webp?v=1774588896,//cdn.shopify.com/s/files/1/0513/3775/6828/files/Peptide_132_08_Shampoo.webp?v=1774588896,//cdn.shopify.com/s/files/1/0513/3775/6828/files/Peptide_132_13_Shampoo_b7c4f61d-c1ed-4586-9383-53a4b21e1aab.webp?v=1773221391,//cdn.shopify.com/s/files/1/0513/3775/6828/files/Peptide_132_14_Shampoo_58af6794-f376-4cb9-9d61-b7ea88ec08a2.webp?v=1773221391,//cdn.shopify.com/s/files/1/0513/3775/6828/files/Peptide_132_15_Shampoo_97b441cd-d034-487c-ad7e-10cdf0054ff7.webp?v=1773221391,//cdn.shopify.com/s/files/1/0513/3775/6828/files/Peptide_132_16_Shampoo_658fd783-e083-4428-8ac0-9bf2bb4e16eb.webp?v=1773221391,//cdn.shopify.com/s/files/1/0513/3775/6828/files/Peptide_132_17.jpg?v=1774589017,//cdn.shopify.com/s/files/1/0513/3775/6828/files/Peptide_132_18_1c02f14d-c751-4788-bc90-af4002f2fcc8.webp?v=1774588991,//cdn.shopify.com/s/files/1/0513/3775/6828/files/Peptide_132_Shampoo_03_400ml_7771cfaa-f0cf-4251-8469-24ee6deb69e8.jpg?v=1774588991,//cdn.shopify.com/s/files/1/0513/3775/6828/files/Peptide_132_Shampoo_02_200ml_e4de4bd5-bd4a-40b7-a2fc-a652396ab304.jpg?v=1774588991,//cdn.shopify.com/s/files/1/0513/3775/6828/files/Peptide_132_Shampoo_01_100ml_5ad47732-fbfa-42e0-9670-b33bae200e2d.jpg?v=1774588991,//cdn.shopify.com/s/files/1/0513/3775/6828/files/preview_images/71c87a318de449689dbde73a7fac5937.thumbnail.0000000000_1024x.jpg?v=1750221056,//cdn.shopify.com/s/files/1/0513/3775/6828/files/preview_images/0e7f747c0f87484ba979991d50f0fe62.thumbnail.0000000000_1024x.jpg?v=1750221055,//cdn.shopify.com/s/files/1/0513/3775/6828/files/preview_images/8f8d1c37e5f14a5795011e407e4679b4.thumbnail.0000000000_1024x.jpg?v=1750221056,//cdn.shopify.com/s/files/1/0513/3775/6828/files/preview_images/b85599d698364b8c98cc57760b573bee.thumbnail.0000000000_1024x.jpg?v=1750221056,//cdn.shopify.com/s/files/1/0513/3775/6828/files/preview_images/7c7eb7a6c2ab4c8d937cedee7e13223f.thumbnail.0000000000_1024x.jpg?v=1750221051,//cdn.shopify.com/s/files/1/0513/3775/6828/files/preview_images/3cc4eb9398b84ebcbabb9bbc615d4f88.thumbnail.0000000000_1024x.jpg?v=1750147517,//cdn.shopify.com/s/files/1/0513/3775/6828/files/preview_images/efee7409e3784446ae34e3a5aa1283c2.thumbnail.0000000000_1024x.jpg?v=1750656428,//cdn.shopify.com/s/files/1/0513/3775/6828/files/preview_images/42cb09d4e68049899751c00002f459e1.thumbnail.0000000000_1024x.jpg?v=1750844968,//cdn.shopify.com/s/files/1/0513/3775/6828/files/preview_images/3a44caab2a19467ebc57fda1a92df711.thumbnail.0000000000_1024x.jpg?v=1750221051","https://cdn.shopify.com/videos/c/vp/71c87a318de449689dbde73a7fac5937/71c87a318de449689dbde73a7fac5937.HD-720p-4.5Mbps-49590961.mp4,https://cdn.shopify.com/videos/c/vp/0e7f747c0f87484ba979991d50f0fe62/0e7f747c0f87484ba979991d50f0fe62.HD-720p-2.1Mbps-49590963.mp4,https://cdn.shopify.com/videos/c/vp/8f8d1c37e5f14a5795011e407e4679b4/8f8d1c37e5f14a5795011e407e4679b4.HD-720p-4.5Mbps-49590964.mp4,https://cdn.shopify.com/videos/c/vp/b85599d698364b8c98cc57760b573bee/b85599d698364b8c98cc57760b573bee.HD-720p-3.0Mbps-49590965.mp4,https://cdn.shopify.com/videos/c/vp/7c7eb7a6c2ab4c8d937cedee7e13223f/7c7eb7a6c2ab4c8d937cedee7e13223f.HD-720p-1.6Mbps-49590966.mp4,https://cdn.shopify.com/videos/c/vp/3cc4eb9398b84ebcbabb9bbc615d4f88/3cc4eb9398b84ebcbabb9bbc615d4f88.HD-720p-1.6Mbps-49531564.mp4,https://cdn.shopify.com/videos/c/vp/efee7409e3784446ae34e3a5aa1283c2/efee7409e3784446ae34e3a5aa1283c2.HD-720p-1.6Mbps-49859519.mp4,https://cdn.shopify.com/videos/c/vp/42cb09d4e68049899751c00002f459e1/42cb09d4e68049899751c00002f459e1.HD-720p-4.5Mbps-50012251.mp4,https://cdn.shopify.com/videos/c/vp/3a44caab2a19467ebc57fda1a92df711/3a44caab2a19467ebc57fda1a92df711.HD-720p-1.6Mbps-49590970.mp4",,100 mL (3.38 fl. oz.) / 200 mL (6.76 fl. oz.) / 400 mL (13.52  fl. oz.)
COSRX PEPTIDE-132 Ultra Perfect Hair Bonding Treatment,$30.00,"//cdn.shopify.com/s/files/1/0513/3775/6828/files/Peptide_132_00_Treatment.webp?v=1773219354,//cdn.shopify.com/s/files/1/0513/3775/6828/files/Peptide_132_mini_Kit_04_9fcf15b2-e711-4459-ac5a-c56112b97d9a.jpg?v=1773221461,//cdn.shopify.com/s/files/1/0513/3775/6828/files/Peptide_132_04_Treatment_0f552864-ccf5-40fa-817d-e80960126402.webp?v=1774588896,//cdn.shopify.com/s/files/1/0513/3775/6828/files/Peptide_132_06_08007346-18d7-4ac5-96b2-45b453760ffb.webp?v=1774588896,//cdn.shopify.com/s/files/1/0513/3775/6828/files/Peptide_132_07_Treatment.webp?v=1774588896,//cdn.shopify.com/s/files/1/0513/3775/6828/files/Peptide_132_11_Treatment.webp?v=1773221461,//cdn.shopify.com/s/files/1/0513/3775/6828/files/Peptide_132_14_Treatment_4ee0ae83-df17-4fcc-8b37-cd8c83b64f0f.webp?v=1773221461,//cdn.shopify.com/s/files/1/0513/3775/6828/files/Peptide_132_15_Treatment_5fb3b4ba-4207-4a84-883b-00cd41967bf3.webp?v=1773221461,//cdn.shopify.com/s/files/1/0513/3775/6828/files/Peptide_132_16_Treatment.webp?v=1773221461,//cdn.shopify.com/s/files/1/0513/3775/6828/files/Peptide_132_mini_Kit_07.jpg?v=1773221461,//cdn.shopify.com/s/files/1/0513/3775/6828/files/Peptide_132_17.jpg?v=1774589017,//cdn.shopify.com/s/files/1/0513/3775/6828/files/Peptide_132_18_89222389-552a-4317-b96c-4f98fe172982.webp?v=1774588957,//cdn.shopify.com/s/files/1/0513/3775/6828/files/Peptide_132_Treatment_03_240ml_2a7ab6bc-a56d-49b1-bc67-77fb5bec8de5.jpg?v=1774588957,//cdn.shopify.com/s/files/1/0513/3775/6828/files/Peptide_132_Treatment_02_120ml_67ffa861-f16d-441a-bb4f-890861898087.jpg?v=1774588957,//cdn.shopify.com/s/files/1/0513/3775/6828/files/Peptide_132_Treatment_01_60ml_5307dc32-bcf0-43f6-b7c2-0d601c1d9dfc.jpg?v=1774588957,//cdn.shopify.com/s/files/1/0513/3775/6828/files/Peptide_132_Treatment_02_120ml_74dd6f06-574f-4931-99e6-b5541f3521af.jpg?v=1774588957,//cdn.shopify.com/s/files/1/0513/3775/6828/files/preview_images/9dfa0d36d5f84db1adf76a590501796d.thumbnail.0000000000_1024x.jpg?v=1750221570,//cdn.shopify.com/s/files/1/0513/3775/6828/files/preview_images/00b67a6fb7794c88846b950c651e62fc.thumbnail.0000000000_1024x.jpg?v=1752205467,//cdn.shopify.com/s/files/1/0513/3775/6828/files/preview_images/cf36766b31254c88912d7f3f656f55eb.thumbnail.0000000000_1024x.jpg?v=1750221569,//cdn.shopify.com/s/files/1/0513/3775/6828/files/preview_images/7219ea1e2f234dd6b7feebccbc88cf95.thumbnail.0000000000_1024x.jpg?v=1750221570,//cdn.shopify.com/s/files/1/0513/3775/6828/files/preview_images/b7cc7174588148a58c14615803d51d10.thumbnail.0000000000_1024x.jpg?v=1750221575,//cdn.shopify.com/s/files/1/0513/3775/6828/files/preview_images/8e446a4ef46c43e28d2f7af49cf8380d.thumbnail.0000000000_1024x.jpg?v=1750221570,//cdn.shopify.com/s/files/1/0513/3775/6828/files/preview_images/9fa4725bba3c4df5a99f7bec0bc7fe33.thumbnail.0000000000_1024x.jpg?v=1750656396,//cdn.shopify.com/s/files/1/0513/3775/6828/files/preview_images/815fb26908034e92819bf80564c8c7f1.thumbnail.0000000000_1024x.jpg?v=1750148130,//cdn.shopify.com/s/files/1/0513/3775/6828/files/preview_images/91161efa73054a5faa4ea69d763377f5.thumbnail.0000000000_1024x.jpg?v=1750148128","https://cdn.shopify.com/videos/c/vp/9dfa0d36d5f84db1adf76a590501796d/9dfa0d36d5f84db1adf76a590501796d.HD-720p-1.6Mbps-49591345.mp4,https://cdn.shopify.com/videos/c/vp/00b67a6fb7794c88846b950c651e62fc/00b67a6fb7794c88846b950c651e62fc.HD-720p-1.6Mbps-51026091.mp4,https://cdn.shopify.com/videos/c/vp/cf36766b31254c88912d7f3f656f55eb/cf36766b31254c88912d7f3f656f55eb.HD-720p-1.6Mbps-49591347.mp4,https://cdn.shopify.com/videos/c/vp/7219ea1e2f234dd6b7feebccbc88cf95/7219ea1e2f234dd6b7feebccbc88cf95.HD-720p-1.6Mbps-49591348.mp4,https://cdn.shopify.com/videos/c/vp/b7cc7174588148a58c14615803d51d10/b7cc7174588148a58c14615803d51d10.HD-720p-1.6Mbps-49591349.mp4,https://cdn.shopify.com/videos/c/vp/8e446a4ef46c43e28d2f7af49cf8380d/8e446a4ef46c43e28d2f7af49cf8380d.HD-720p-1.6Mbps-49591350.mp4,https://cdn.shopify.com/videos/c/vp/9fa4725bba3c4df5a99f7bec0bc7fe33/9fa4725bba3c4df5a99f7bec0bc7fe33.HD-720p-1.6Mbps-49859502.mp4,https://cdn.shopify.com/videos/c/vp/815fb26908034e92819bf80564c8c7f1/815fb26908034e92819bf80564c8c7f1.HD-720p-4.5Mbps-49532087.mp4,https://cdn.shopify.com/videos/c/vp/91161efa73054a5faa4ea69d763377f5/91161efa73054a5faa4ea69d763377f5.HD-720p-1.6Mbps-49532095.mp4",,60 mL (2.02 fl. oz.) / 120 mL (4.05 fl. oz.) / 240 mL (8.11 fl. oz.)
The Retinol 0.1 Cream,$27.00,"//cdn.shopify.com/s/files/1/0513/3775/6828/files/RetinolCream_800x1067_7e167f9b-dc45-4d41-babf-65b26b14cf23.jpg?v=1746679017,//cdn.shopify.com/s/files/1/0513/3775/6828/files/the-retinol-0-1-cream-cosrx-official-2.jpg?v=1746679017,//cdn.shopify.com/s/files/1/0513/3775/6828/files/the-retinol-0-1-cream-cosrx-official-3_b76f7278-3384-4c09-85a9-519bbe64dc28.jpg?v=1746679017,//cdn.shopify.com/s/files/1/0513/3775/6828/files/the-retinol-0-1-cream-cosrx-official-4.jpg?v=1746679017,//cdn.shopify.com/s/files/1/0513/3775/6828/files/the-retinol-0-1-cream-cosrx-official-5.jpg?v=1746679017,//cdn.shopify.com/s/files/1/0513/3775/6828/files/the-retinol-0-1-cream-cosrx-official-6.jpg?v=1746679017,//cdn.shopify.com/s/files/1/0513/3775/6828/files/the-retinol-0-1-cream-cosrx-official-7.jpg?v=1746679017,//cdn.shopify.com/s/files/1/0513/3775/6828/files/the-retinol-0-1-cream-cosrx-official-8.jpg?v=1746679017,//cdn.shopify.com/s/files/1/0513/3775/6828/files/the-retinol-0-1-cream-cosrx-official-9.jpg?v=1746679017,//cdn.shopify.com/s/files/1/0513/3775/6828/files/TheRetinol03Cream_16_1136b916-20a5-4a7f-8ae9-031821cab2bb.webp?v=1746679017,//cdn.shopify.com/s/files/1/0513/3775/6828/products/96aa90362a824110a7161002c272808f.thumbnail.0000000000_1024x.jpg?v=1660792784,//cdn.shopify.com/s/files/1/0513/3775/6828/products/76829816c05a42a8ab9ad2eb60d3a210.thumbnail.0000000000_1024x.jpg?v=1660792786,//cdn.shopify.com/s/files/1/0513/3775/6828/products/2e5f3df2324e4dcda1c1ef2d24973199.thumbnail.0000000000_1024x.jpg?v=1661488576","https://cdn.shopify.com/videos/c/vp/96aa90362a824110a7161002c272808f/96aa90362a824110a7161002c272808f.HD-720p-4.5Mbps-8822558.mp4,https://cdn.shopify.com/videos/c/vp/76829816c05a42a8ab9ad2eb60d3a210/76829816c05a42a8ab9ad2eb60d3a210.HD-720p-4.5Mbps-8822559.mp4,https://cdn.shopify.com/videos/c/vp/2e5f3df2324e4dcda1c1ef2d24973199/2e5f3df2324e4dcda1c1ef2d24973199.HD-720p-1.6Mbps-8965076.mp4",,
The Alpha-Arbutin 2 Discoloration Care Serum,$25.00,"//cdn.shopify.com/s/files/1/0513/3775/6828/files/Alpha-Albutin_800x1067_9f78595b-1e4f-4147-a56c-aade2a3286da.jpg?v=1726731345,//cdn.shopify.com/s/files/1/0513/3775/6828/files/The_Alpha-arbutin_2_Serum_01.jpg?v=1726731347,//cdn.shopify.com/s/files/1/0513/3775/6828/files/The_Alpha-arbutin_2_Serum_02.jpg?v=1726731349,//cdn.shopify.com/s/files/1/0513/3775/6828/files/The_Alpha-arbutin_2_Serum_03.jpg?v=1726731351,//cdn.shopify.com/s/files/1/0513/3775/6828/files/The-Alpha-arbutin-2-Serum_19.jpg?v=1729842704,//cdn.shopify.com/s/files/1/0513/3775/6828/files/The_Alpha-arbutin_2_Serum_04.jpg?v=1726731353,//cdn.shopify.com/s/files/1/0513/3775/6828/files/The_Alpha-arbutin_2_Serum_05__2.jpg?v=1726731355,//cdn.shopify.com/s/files/1/0513/3775/6828/files/The_Alpha-arbutin_2_Serum_06__3.jpg?v=1726731357,//cdn.shopify.com/s/files/1/0513/3775/6828/files/The_Alpha-arbutin_2_Serum_07__2.jpg?v=1726731359,//cdn.shopify.com/s/files/1/0513/3775/6828/files/The_Alpha-arbutin_2_Serum_09__2.jpg?v=1726731361,//cdn.shopify.com/s/files/1/0513/3775/6828/files/The_Alpha-arbutin_2_Serum_10.jpg?v=1726731363,//cdn.shopify.com/s/files/1/0513/3775/6828/files/The_Alpha-arbutin_2_Serum_11.jpg?v=1726731365,//cdn.shopify.com/s/files/1/0513/3775/6828/files/The_Alpha-arbutin_2_Serum_12__2.jpg?v=1726731367,//cdn.shopify.com/s/files/1/0513/3775/6828/files/The_Alpha-arbutin_2_Serum_13.jpg?v=1726731369,//cdn.shopify.com/s/files/1/0513/3775/6828/files/The_Alpha-arbutin_2_Serum_14.jpg?v=1726731371,//cdn.shopify.com/s/files/1/0513/3775/6828/files/The_Alpha-arbutin_2_Serum_15.jpg?v=1726731373,//cdn.shopify.com/s/files/1/0513/3775/6828/files/The_Alpha-arbutin_2_Serum_16.jpg?v=1726731374,//cdn.shopify.com/s/files/1/0513/3775/6828/files/The_Alpha-arbutin_2_Serum_17.jpg?v=1726731376,//cdn.shopify.com/s/files/1/0513/3775/6828/files/The_Alpha-arbutin_2_Serum_18__2.jpg?v=1726731378,//cdn.shopify.com/s/files/1/0513/3775/6828/files/preview_images/eddfd16c934f4ffaad9e7eb2edba4e61.thumbnail.0000000000_1024x.jpg?v=1726129352",https://cdn.shopify.com/videos/c/vp/eddfd16c934f4ffaad9e7eb2edba4e61/eddfd16c934f4ffaad9e7eb2edba4e61.HD-720p-1.6Mbps-34656265.mp4,,1.69 fl.oz / 50ml
The Vitamin C 13 Serum,$21.00,"//cdn.shopify.com/s/files/1/0513/3775/6828/files/The_VitaminC13_00.webp?v=1762850506,//cdn.shopify.com/s/files/1/0513/3775/6828/files/The_VitaminC13_01__2.webp?v=1762850506,//cdn.shopify.com/s/files/1/0513/3775/6828/files/VitaminC__-__1.jpg?v=1780659273,//cdn.shopify.com/s/files/1/0513/3775/6828/files/The_VitaminC13_02.webp?v=1762850506,//cdn.shopify.com/s/files/1/0513/3775/6828/files/The_VitaminC13_03.webp?v=1762850506,//cdn.shopify.com/s/files/1/0513/3775/6828/files/The_VitaminC13_04.webp?v=1762850506,//cdn.shopify.com/s/files/1/0513/3775/6828/files/The_VitaminC13_05.webp?v=1762850506,//cdn.shopify.com/s/files/1/0513/3775/6828/files/The_VitaminC13_06.webp?v=1762850506,//cdn.shopify.com/s/files/1/0513/3775/6828/files/The_VitaminC13_07.webp?v=1762850506,//cdn.shopify.com/s/files/1/0513/3775/6828/files/The_VitaminC13_08__4.webp?v=1762850506,//cdn.shopify.com/s/files/1/0513/3775/6828/files/The_VitaminC13_09.webp?v=1762850506,//cdn.shopify.com/s/files/1/0513/3775/6828/files/The_VitaminC13_10.webp?v=1762850506,//cdn.shopify.com/s/files/1/0513/3775/6828/files/The_VitaminC13_11.webp?v=1762850506,//cdn.shopify.com/s/files/1/0513/3775/6828/files/The_VitaminC13_12.webp?v=1762850506,//cdn.shopify.com/s/files/1/0513/3775/6828/files/The_VitaminC13_13.webp?v=1762850506,//cdn.shopify.com/s/files/1/0513/3775/6828/files/The_VitaminC13_14.webp?v=1762850506,//cdn.shopify.com/s/files/1/0513/3775/6828/files/The_VitaminC13_15.webp?v=1762850506,//cdn.shopify.com/s/files/1/0513/3775/6828/files/The_VitaminC13_16.webp?v=1762850506,//cdn.shopify.com/s/files/1/0513/3775/6828/files/The_VitaminC13_17.webp?v=1762850506,//cdn.shopify.com/s/files/1/0513/3775/6828/files/The_VitaminC13_18.webp?v=1762850506,//cdn.shopify.com/s/files/1/0513/3775/6828/files/The_VitaminC13_19.webp?v=1762850506",,,20ml / 0.67fl. oz
The Retinol 0.3 Cream,$29.00,"//cdn.shopify.com/s/files/1/0513/3775/6828/files/Retinol03Cream_800x1067_c88d3441-5851-4a65-8438-a93bbfb4f86b.webp?v=1724837060,//cdn.shopify.com/s/files/1/0513/3775/6828/files/TheRetinol03Cream_01.webp?v=1765433392,//cdn.shopify.com/s/files/1/0513/3775/6828/files/TheRetinol03Cream_02.webp?v=1765433392,//cdn.shopify.com/s/files/1/0513/3775/6828/files/TheRetinol03Cream_03.webp?v=1765433392,//cdn.shopify.com/s/files/1/0513/3775/6828/files/TheRetinol03Cream_04__1.webp?v=1765433392,//cdn.shopify.com/s/files/1/0513/3775/6828/files/TheRetinol03Cream_05.webp?v=1765433392,//cdn.shopify.com/s/files/1/0513/3775/6828/files/TheRetinol03Cream_06.webp?v=1765433392,//cdn.shopify.com/s/files/1/0513/3775/6828/files/TheRetinol03Cream_07.webp?v=1765433392,//cdn.shopify.com/s/files/1/0513/3775/6828/files/TheRetinol03Cream_08.webp?v=1765433392,//cdn.shopify.com/s/files/1/0513/3775/6828/files/TheRetinol03Cream_09.webp?v=1765433392,//cdn.shopify.com/s/files/1/0513/3775/6828/files/TheRetinol03Cream_10__1.webp?v=1765433392,//cdn.shopify.com/s/files/1/0513/3775/6828/files/TheRetinol03Cream_11.webp?v=1765433392,//cdn.shopify.com/s/files/1/0513/3775/6828/files/TheRetinol03Cream_12.webp?v=1765433392,//cdn.shopify.com/s/files/1/0513/3775/6828/files/TheRetinol03Cream_13.webp?v=1765433392,//cdn.shopify.com/s/files/1/0513/3775/6828/files/TheRetinol03Cream_14.webp?v=1765433392,//cdn.shopify.com/s/files/1/0513/3775/6828/files/TheRetinol03Cream_15.webp?v=1765433392,//cdn.shopify.com/s/files/1/0513/3775/6828/files/TheRetinol03Cream_16.webp?v=1765433392,//cdn.shopify.com/s/files/1/0513/3775/6828/files/TheRetinol03Cream_17.webp?v=1765433392",,,20mL (0.67 fl.oz.)
One Step Original Toner Pad Case,$3.00,"//cdn.shopify.com/s/files/1/0513/3775/6828/files/Thumb_OnestepPadCase_01_800x1067_32a53bd4-b57d-4765-be5f-da2d30157c55.jpg?v=1787037462,//cdn.shopify.com/s/files/1/0513/3775/6828/files/Thumb_OnestepPadCase_02_800x1067_0eadcb57-aade-4f61-9e66-c41bc7cdaab8.jpg?v=1787037462",,,
COSRX PEPTIDE-132 Hair Bonding Mini Kit,$32.40,"//cdn.shopify.com/s/files/1/0513/3775/6828/files/MG_8341_113d90bc-e4ab-4f60-a0ea-9ceb7db683cf.png?v=1773640481,//cdn.shopify.com/s/files/1/0513/3775/6828/files/Peptide_132_mini_Kit_02.jpg?v=1773640481,//cdn.shopify.com/s/files/1/0513/3775/6828/files/Peptide_132_mini_Kit_03.jpg?v=1773640481,//cdn.shopify.com/s/files/1/0513/3775/6828/files/Peptide_132_17.jpg?v=1774589017,//cdn.shopify.com/s/files/1/0513/3775/6828/files/Peptide_132_04_Treatment_0f552864-ccf5-40fa-817d-e80960126402.webp?v=1774588896,//cdn.shopify.com/s/files/1/0513/3775/6828/files/Peptide_132_06_08007346-18d7-4ac5-96b2-45b453760ffb.webp?v=1774588896,//cdn.shopify.com/s/files/1/0513/3775/6828/files/Peptide_132_08_Shampoo.webp?v=1774588896,//cdn.shopify.com/s/files/1/0513/3775/6828/files/Peptide_132_07_Treatment.webp?v=1774588896,//cdn.shopify.com/s/files/1/0513/3775/6828/files/Peptide_132_07_OilSerum_783febd4-652b-48e3-af0e-e6b494754147.webp?v=1774588896,//cdn.shopify.com/s/files/1/0513/3775/6828/files/Peptide_132_18_89222389-552a-4317-b96c-4f98fe172982.webp?v=1774588957,//cdn.shopify.com/s/files/1/0513/3775/6828/files/preview_images/7219ea1e2f234dd6b7feebccbc88cf95.thumbnail.0000000000_1024x.jpg?v=1750221570",https://cdn.shopify.com/videos/c/vp/7219ea1e2f234dd6b7feebccbc88cf95/7219ea1e2f234dd6b7feebccbc88cf95.HD-720p-1.6Mbps-49591348.mp4,,
Low pH Goodnight Soft Peeling Gel,$16.00,"//cdn.shopify.com/s/files/1/0513/3775/6828/files/low-ph-goodnight-soft-peeling-gel-cosrx-official-1.jpg?v=1724836210,//cdn.shopify.com/s/files/1/0513/3775/6828/files/low-ph-goodnight-soft-peeling-gel-cosrx-official-2.jpg?v=1724836212,//cdn.shopify.com/s/files/1/0513/3775/6828/files/low-ph-goodnight-soft-peeling-gel-cosrx-official-3.jpg?v=1724836214,//cdn.shopify.com/s/files/1/0513/3775/6828/files/low-ph-goodnight-soft-peeling-gel-cosrx-official-4.jpg?v=1724836216,//cdn.shopify.com/s/files/1/0513/3775/6828/files/low-ph-goodnight-soft-peeling-gel-cosrx-official-5.jpg?v=1724836218,//cdn.shopify.com/s/files/1/0513/3775/6828/files/low-ph-goodnight-soft-peeling-gel-cosrx-official-6.jpg?v=1724836220,//cdn.shopify.com/s/files/1/0513/3775/6828/files/low-ph-goodnight-soft-peeling-gel-cosrx-official-7.jpg?v=1724836223,//cdn.shopify.com/s/files/1/0513/3775/6828/files/low-ph-goodnight-soft-peeling-gel-cosrx-official-8.jpg?v=1724836225,//cdn.shopify.com/s/files/1/0513/3775/6828/files/low-ph-goodnight-soft-peeling-gel-cosrx-official-9.jpg?v=1724836227",,,
Pure Fit Cica Cream Intense,$32.00,"//cdn.shopify.com/s/files/1/0513/3775/6828/files/pure-fit-cica-cream-intense-cosrx-official-1.jpg?v=1724836149,//cdn.shopify.com/s/files/1/0513/3775/6828/files/pure-fit-cica-cream-intense-cosrx-official-2.jpg?v=1724836151,//cdn.shopify.com/s/files/1/0513/3775/6828/files/pure-fit-cica-cream-intense-cosrx-official-3.jpg?v=1724836154,//cdn.shopify.com/s/files/1/0513/3775/6828/files/pure-fit-cica-cream-intense-cosrx-official-4.jpg?v=1724836156,//cdn.shopify.com/s/files/1/0513/3775/6828/files/pure-fit-cica-cream-intense-cosrx-official-5.jpg?v=1724836158,//cdn.shopify.com/s/files/1/0513/3775/6828/files/pure-fit-cica-cream-intense-cosrx-official-6.jpg?v=1724836160,//cdn.shopify.com/s/files/1/0513/3775/6828/files/pure-fit-cica-cream-intense-cosrx-official-7.jpg?v=1724836163,//cdn.shopify.com/s/files/1/0513/3775/6828/files/pure-fit-cica-cream-intense-cosrx-official-8.jpg?v=1724836165,//cdn.shopify.com/s/files/1/0513/3775/6828/files/pure-fit-cica-cream-intense-cosrx-official-9.jpg?v=1724836167",,,1.7 fl.oz / 50ml
Master Patch Intensive [90ea],$25.00,"//cdn.shopify.com/s/files/1/0513/3775/6828/files/master-patch-intensive-90ea-cosrx-official-1.jpg?v=1724836494,//cdn.shopify.com/s/files/1/0513/3775/6828/files/master-patch-intensive-90ea-cosrx-official-2.jpg?v=1724836496,//cdn.shopify.com/s/files/1/0513/3775/6828/files/master-patch-intensive-90ea-cosrx-official-3.jpg?v=1724836498,//cdn.shopify.com/s/files/1/0513/3775/6828/files/master-patch-intensive-90ea-cosrx-official-4.jpg?v=1724836500,//cdn.shopify.com/s/files/1/0513/3775/6828/files/master-patch-intensive-90ea-cosrx-official-5.jpg?v=1724836502,//cdn.shopify.com/s/files/1/0513/3775/6828/files/master-patch-intensive-90ea-cosrx-official-6.png?v=1724836505,//cdn.shopify.com/s/files/1/0513/3775/6828/files/master-patch-intensive-90ea-cosrx-official-7.png?v=1724836508,//cdn.shopify.com/s/files/1/0513/3775/6828/products/0c25d3470c304032b6b79c2590f7abbd.thumbnail.0000000_1024x.jpg?v=1638247454",https://cdn.shopify.com/videos/c/vp/0c25d3470c304032b6b79c2590f7abbd/0c25d3470c304032b6b79c2590f7abbd.HD-720p-2.1Mbps.mp4,,13*9mm & 16*11mm (90 patches)
One Step Original Clear Skin Calming Pad,$26.00,"//cdn.shopify.com/s/files/1/0513/3775/6828/files/OneStep_Calming_Pad_00.jpg?v=1774854164,//cdn.shopify.com/s/files/1/0513/3775/6828/files/OneStep_Calming_Pad_03.jpg?v=1774854164,//cdn.shopify.com/s/files/1/0513/3775/6828/files/OneStep_Calming_Pad_04.jpg?v=1774854164,//cdn.shopify.com/s/files/1/0513/3775/6828/files/OneStep_Calming_Pad_05.jpg?v=1774854164,//cdn.shopify.com/s/files/1/0513/3775/6828/files/OneStep_Calming_Pad_06.jpg?v=1774854164,//cdn.shopify.com/s/files/1/0513/3775/6828/files/OneStep_Calming_Pad_07.jpg?v=1774854164,//cdn.shopify.com/s/files/1/0513/3775/6828/files/OneStep_Calming_Pad_08.jpg?v=1774854164,//cdn.shopify.com/s/files/1/0513/3775/6828/files/OneStep_Calming_Pad_09.jpg?v=1774854164,//cdn.shopify.com/s/files/1/0513/3775/6828/files/OneStep_Calming_Pad_11.jpg?v=1774854164,//cdn.shopify.com/s/files/1/0513/3775/6828/files/OneStep_Calming_Pad_13.jpg?v=1774854164,//cdn.shopify.com/s/files/1/0513/3775/6828/files/OneStep_Calming_Pad_18.jpg?v=1774854164,//cdn.shopify.com/s/files/1/0513/3775/6828/files/OneStep_Calming_Pad_19.jpg?v=1774854164,//cdn.shopify.com/s/files/1/0513/3775/6828/files/preview_images/b96034843aa642949f0ca263176b9358.thumbnail.0000000000_1024x.jpg?v=1772525711,//cdn.shopify.com/s/files/1/0513/3775/6828/files/preview_images/b8b4f024eaf14d8e9a9988423bb04d41.thumbnail.0000000000_1024x.jpg?v=1772525718,//cdn.shopify.com/s/files/1/0513/3775/6828/files/preview_images/39896395c6f948f0b08cff754e055d5b.thumbnail.0000000000_1024x.jpg?v=1772525709,//cdn.shopify.com/s/files/1/0513/3775/6828/files/preview_images/609401ea83294f45b30fc16a47182a86.thumbnail.0000000000_1024x.jpg?v=1772525708,//cdn.shopify.com/s/files/1/0513/3775/6828/files/preview_images/e6f027004bf749b3be9b92fc1fa28734.thumbnail.0000000000_1024x.jpg?v=1772525709,//cdn.shopify.com/s/files/1/0513/3775/6828/files/preview_images/1c383343711345e9bc3ea85ca602fe2a.thumbnail.0000000000_1024x.jpg?v=1772525714,//cdn.shopify.com/s/files/1/0513/3775/6828/files/preview_images/7f3cd184f49544c2be6d2c5f7d7dc527.thumbnail.0000000000_1024x.jpg?v=1772525717,//cdn.shopify.com/s/files/1/0513/3775/6828/files/preview_images/a935c57372284554a6c77f7c8a046c0a.thumbnail.0000000000_1024x.jpg?v=1772525717","https://cdn.shopify.com/videos/c/vp/b96034843aa642949f0ca263176b9358/b96034843aa642949f0ca263176b9358.HD-720p-1.6Mbps-77024626.mp4,https://cdn.shopify.com/videos/c/vp/b8b4f024eaf14d8e9a9988423bb04d41/b8b4f024eaf14d8e9a9988423bb04d41.HD-720p-4.5Mbps-77024627.mp4,https://cdn.shopify.com/videos/c/vp/39896395c6f948f0b08cff754e055d5b/39896395c6f948f0b08cff754e055d5b.HD-720p-1.6Mbps-77024620.mp4,https://cdn.shopify.com/videos/c/vp/609401ea83294f45b30fc16a47182a86/609401ea83294f45b30fc16a47182a86.HD-720p-1.6Mbps-77024621.mp4,https://cdn.shopify.com/videos/c/vp/e6f027004bf749b3be9b92fc1fa28734/e6f027004bf749b3be9b92fc1fa28734.HD-720p-1.6Mbps-77024622.mp4,https://cdn.shopify.com/videos/c/vp/1c383343711345e9bc3ea85ca602fe2a/1c383343711345e9bc3ea85ca602fe2a.HD-720p-3.0Mbps-77024623.mp4,https://cdn.shopify.com/videos/c/vp/7f3cd184f49544c2be6d2c5f7d7dc527/7f3cd184f49544c2be6d2c5f7d7dc527.HD-720p-3.0Mbps-77024624.mp4,https://cdn.shopify.com/videos/c/vp/a935c57372284554a6c77f7c8a046c0a/a935c57372284554a6c77f7c8a046c0a.HD-720p-4.5Mbps-77024625.mp4",,100 Pads / 9.46 fl. oz. (280mL)
One Step Original Tone Clarifying Moisture Pad,$26.00,"//cdn.shopify.com/s/files/1/0513/3775/6828/files/One-Step_Moisture_Pad_00.webp?v=1774854127,//cdn.shopify.com/s/files/1/0513/3775/6828/files/One-Step_Moisture_Pad_03.webp?v=1774854127,//cdn.shopify.com/s/files/1/0513/3775/6828/files/One-Step_Moisture_Pad_04.webp?v=1774854127,//cdn.shopify.com/s/files/1/0513/3775/6828/files/One-Step_Moisture_Pad_05.webp?v=1774854127,//cdn.shopify.com/s/files/1/0513/3775/6828/files/One-Step_Moisture_Pad_06.webp?v=1774854127,//cdn.shopify.com/s/files/1/0513/3775/6828/files/One-Step_Moisture_Pad_07.webp?v=1774854127,//cdn.shopify.com/s/files/1/0513/3775/6828/files/One-Step_Moisture_Pad_09.webp?v=1774854127,//cdn.shopify.com/s/files/1/0513/3775/6828/files/One-Step_Moisture_Pad_10.webp?v=1774854127,//cdn.shopify.com/s/files/1/0513/3775/6828/files/One-Step_Moisture_Pad_11.webp?v=1774854127,//cdn.shopify.com/s/files/1/0513/3775/6828/files/One-Step_Moisture_Pad_12.webp?v=1774854127,//cdn.shopify.com/s/files/1/0513/3775/6828/files/One-Step_Moisture_Pad_14.webp?v=1774854127,//cdn.shopify.com/s/files/1/0513/3775/6828/files/One-Step_Moisture_Pad_16.webp?v=1774854127,//cdn.shopify.com/s/files/1/0513/3775/6828/files/One-Step_Moisture_Pad_21.webp?v=1774854127,//cdn.shopify.com/s/files/1/0513/3775/6828/files/One-Step_Moisture_Pad_22.webp?v=1774854127,//cdn.shopify.com/s/files/1/0513/3775/6828/files/preview_images/a33e36ea662f4a97a2f2bb7c99e7426a.thumbnail.0000000000_1024x.jpg?v=1772511266,//cdn.shopify.com/s/files/1/0513/3775/6828/files/preview_images/70708e2d1049463f8fc329430da78724.thumbnail.0000000000_1024x.jpg?v=1772511272,//cdn.shopify.com/s/files/1/0513/3775/6828/files/preview_images/4de853f7d20c4491b3a7cd131c848086.thumbnail.0000000000_1024x.jpg?v=1772511300,//cdn.shopify.com/s/files/1/0513/3775/6828/files/preview_images/939e0c2c6a88401791d529aee12c251b.thumbnail.0000000000_1024x.jpg?v=1772511331,//cdn.shopify.com/s/files/1/0513/3775/6828/files/preview_images/4dc5946ecb8a4056a975438920f9727f.thumbnail.0000000000_1024x.jpg?v=1772511354,//cdn.shopify.com/s/files/1/0513/3775/6828/files/preview_images/9b756ee43e8744cab43f8c2338a6fa93.thumbnail.0000000000_1024x.jpg?v=1772511362,//cdn.shopify.com/s/files/1/0513/3775/6828/files/preview_images/6f7819ab1a504ba3b95821edc256e167.thumbnail.0000000000_1024x.jpg?v=1772511362,//cdn.shopify.com/s/files/1/0513/3775/6828/files/preview_images/d4d59e06736e486fbb1421cbe59ea790.thumbnail.0000000000_1024x.jpg?v=1772511362,//cdn.shopify.com/s/files/1/0513/3775/6828/files/preview_images/84b90f23876e4d80b3d29e7b8adc4469.thumbnail.0000000000_1024x.jpg?v=1772511361","https://cdn.shopify.com/videos/c/vp/a33e36ea662f4a97a2f2bb7c99e7426a/a33e36ea662f4a97a2f2bb7c99e7426a.HD-720p-4.5Mbps-77014133.mp4,https://cdn.shopify.com/videos/c/vp/70708e2d1049463f8fc329430da78724/70708e2d1049463f8fc329430da78724.HD-720p-4.5Mbps-77014134.mp4,https://cdn.shopify.com/videos/c/vp/4de853f7d20c4491b3a7cd131c848086/4de853f7d20c4491b3a7cd131c848086.HD-720p-1.6Mbps-77014155.mp4,https://cdn.shopify.com/videos/c/vp/939e0c2c6a88401791d529aee12c251b/939e0c2c6a88401791d529aee12c251b.HD-720p-1.6Mbps-77014175.mp4,https://cdn.shopify.com/videos/c/vp/4dc5946ecb8a4056a975438920f9727f/4dc5946ecb8a4056a975438920f9727f.HD-720p-1.6Mbps-77014185.mp4,https://cdn.shopify.com/videos/c/vp/9b756ee43e8744cab43f8c2338a6fa93/9b756ee43e8744cab43f8c2338a6fa93.HD-720p-1.6Mbps-77014193.mp4,https://cdn.shopify.com/videos/c/vp/6f7819ab1a504ba3b95821edc256e167/6f7819ab1a504ba3b95821edc256e167.HD-720p-3.0Mbps-77014189.mp4,https://cdn.shopify.com/videos/c/vp/d4d59e06736e486fbb1421cbe59ea790/d4d59e06736e486fbb1421cbe59ea790.HD-720p-4.5Mbps-77014190.mp4,https://cdn.shopify.com/videos/c/vp/84b90f23876e4d80b3d29e7b8adc4469/84b90f23876e4d80b3d29e7b8adc4469.HD-720p-4.5Mbps-77014192.mp4",,100 Pads / 7. 77 fl. oz. (230mL)
One Step Original Peptide Collagen Lifting Glow Pad,$26.00,"//cdn.shopify.com/s/files/1/0513/3775/6828/files/1_800x1067_40e9bec3-18f2-4c99-9778-941e17858fa3.webp?v=1774854217,//cdn.shopify.com/s/files/1/0513/3775/6828/files/03_75314a75-75e6-4051-8d7f-700b69ef8e53.webp?v=1774854217,//cdn.shopify.com/s/files/1/0513/3775/6828/files/04_7d9d306d-f4fe-49d9-b100-5463c55aaafa.webp?v=1774854217,//cdn.shopify.com/s/files/1/0513/3775/6828/files/06.webp?v=1774854217,//cdn.shopify.com/s/files/1/0513/3775/6828/files/07.webp?v=1774854217,//cdn.shopify.com/s/files/1/0513/3775/6828/files/08.webp?v=1774854217,//cdn.shopify.com/s/files/1/0513/3775/6828/files/09.webp?v=1774854217,//cdn.shopify.com/s/files/1/0513/3775/6828/files/10.webp?v=1774854217,//cdn.shopify.com/s/files/1/0513/3775/6828/files/11.webp?v=1774854217,//cdn.shopify.com/s/files/1/0513/3775/6828/files/12.webp?v=1774854217,//cdn.shopify.com/s/files/1/0513/3775/6828/files/13.webp?v=1774854217,//cdn.shopify.com/s/files/1/0513/3775/6828/files/14.webp?v=1774854217,//cdn.shopify.com/s/files/1/0513/3775/6828/files/19.webp?v=1774854217,//cdn.shopify.com/s/files/1/0513/3775/6828/files/21.webp?v=1774854217,//cdn.shopify.com/s/files/1/0513/3775/6828/files/22.webp?v=1774854217,//cdn.shopify.com/s/files/1/0513/3775/6828/files/preview_images/704dc5b612de4785b37a3b6e9defbd27.thumbnail.0000000000_1024x.jpg?v=1772511854,//cdn.shopify.com/s/files/1/0513/3775/6828/files/preview_images/3928ae796e734bb1a04252b6dbb73505.thumbnail.0000000000_1024x.jpg?v=1772511853,//cdn.shopify.com/s/files/1/0513/3775/6828/files/preview_images/7019f18fb91040d29406f77198b36327.thumbnail.0000000000_1024x.jpg?v=1772511893,//cdn.shopify.com/s/files/1/0513/3775/6828/files/preview_images/12256d2bf3cf4203ad7d22119395831a.thumbnail.0000000000_1024x.jpg?v=1772512067,//cdn.shopify.com/s/files/1/0513/3775/6828/files/preview_images/b4a4077aa395415d872a4bd58ea47195.thumbnail.0000000000_1024x.jpg?v=1772512068,//cdn.shopify.com/s/files/1/0513/3775/6828/files/preview_images/fb055b8b368a40e9a335c8321de9d5cb.thumbnail.0000000000_1024x.jpg?v=1772512068,//cdn.shopify.com/s/files/1/0513/3775/6828/files/preview_images/f85270041dfb49289ff069f9e36d96b2.thumbnail.0000000000_1024x.jpg?v=1772512068","https://cdn.shopify.com/videos/c/vp/704dc5b612de4785b37a3b6e9defbd27/704dc5b612de4785b37a3b6e9defbd27.HD-720p-3.0Mbps-77014619.mp4,https://cdn.shopify.com/videos/c/vp/3928ae796e734bb1a04252b6dbb73505/3928ae796e734bb1a04252b6dbb73505.HD-720p-3.0Mbps-77014618.mp4,https://cdn.shopify.com/videos/c/vp/7019f18fb91040d29406f77198b36327/7019f18fb91040d29406f77198b36327.HD-720p-3.0Mbps-77014641.mp4,https://cdn.shopify.com/videos/c/vp/12256d2bf3cf4203ad7d22119395831a/12256d2bf3cf4203ad7d22119395831a.HD-720p-1.6Mbps-77014758.mp4,https://cdn.shopify.com/videos/c/vp/b4a4077aa395415d872a4bd58ea47195/b4a4077aa395415d872a4bd58ea47195.HD-720p-1.6Mbps-77014759.mp4,https://cdn.shopify.com/videos/c/vp/fb055b8b368a40e9a335c8321de9d5cb/fb055b8b368a40e9a335c8321de9d5cb.HD-720p-3.0Mbps-77014760.mp4,https://cdn.shopify.com/videos/c/vp/f85270041dfb49289ff069f9e36d96b2/f85270041dfb49289ff069f9e36d96b2.HD-720p-1.6Mbps-77014761.mp4",,100 Pads / 10.14 fl. oz. (300mL)
One Step Original Blemish Pore Clear Pad,$26.00,"//cdn.shopify.com/s/files/1/0513/3775/6828/files/OneStep_Blemish_Pad_00.jpg?v=1774854088,//cdn.shopify.com/s/files/1/0513/3775/6828/files/OneStep_Blemish_Pad_03.jpg?v=1774854088,//cdn.shopify.com/s/files/1/0513/3775/6828/files/OneStep_Blemish_Pad_04.jpg?v=1774854088,//cdn.shopify.com/s/files/1/0513/3775/6828/files/OneStep_Blemish_Pad_05.jpg?v=1774854088,//cdn.shopify.com/s/files/1/0513/3775/6828/files/OneStep_Blemish_Pad_06__2.jpg?v=1774854088,//cdn.shopify.com/s/files/1/0513/3775/6828/files/OneStep_Blemish_Pad_08__2.jpg?v=1774854088,//cdn.shopify.com/s/files/1/0513/3775/6828/files/OneStep_Blemish_Pad_09_e238ecec-489f-4e50-bed9-9f949beb3061.jpg?v=1774854088,//cdn.shopify.com/s/files/1/0513/3775/6828/files/OneStep_Blemish_Pad_11.jpg?v=1774854088,//cdn.shopify.com/s/files/1/0513/3775/6828/files/OneStep_Blemish_Pad_13.jpg?v=1774854088,//cdn.shopify.com/s/files/1/0513/3775/6828/files/OneStep_Blemish_Pad_14.jpg?v=1774854088,//cdn.shopify.com/s/files/1/0513/3775/6828/files/OneStep_Blemish_Pad_18.jpg?v=1774854088,//cdn.shopify.com/s/files/1/0513/3775/6828/files/OneStep_Blemish_Pad_19.jpg?v=1774854088,//cdn.shopify.com/s/files/1/0513/3775/6828/files/preview_images/62c963300fca46cc9697f9238eaa1375.thumbnail.0000000000_1024x.jpg?v=1772525127,//cdn.shopify.com/s/files/1/0513/3775/6828/files/preview_images/6b7f9cc5f2f6458c94ae7e8c2ed6ee4f.thumbnail.0000000000_1024x.jpg?v=1772525137,//cdn.shopify.com/s/files/1/0513/3775/6828/files/preview_images/88f85fe989f247e0a2c990568ef1093b.thumbnail.0000000000_1024x.jpg?v=1772525125,//cdn.shopify.com/s/files/1/0513/3775/6828/files/preview_images/b118e11e82ff4fa988e888055fc02e28.thumbnail.0000000000_1024x.jpg?v=1772525122,//cdn.shopify.com/s/files/1/0513/3775/6828/files/preview_images/5f4788ef761b4f5a9faa5387b46c6513.thumbnail.0000000000_1024x.jpg?v=1772525120,//cdn.shopify.com/s/files/1/0513/3775/6828/files/preview_images/6e60e2f661cf49d290908cd20fca0ff7.thumbnail.0000000000_1024x.jpg?v=1772525124,//cdn.shopify.com/s/files/1/0513/3775/6828/files/preview_images/6063ed15159a4243862744f29ae26e6b.thumbnail.0000000000_1024x.jpg?v=1772525127,//cdn.shopify.com/s/files/1/0513/3775/6828/files/preview_images/6f03327ab24747b59370aa98c8c9e658.thumbnail.0000000000_1024x.jpg?v=1772525129","https://cdn.shopify.com/videos/c/vp/62c963300fca46cc9697f9238eaa1375/62c963300fca46cc9697f9238eaa1375.HD-720p-3.0Mbps-77024164.mp4,https://cdn.shopify.com/videos/c/vp/6b7f9cc5f2f6458c94ae7e8c2ed6ee4f/6b7f9cc5f2f6458c94ae7e8c2ed6ee4f.HD-720p-4.5Mbps-77024165.mp4,https://cdn.shopify.com/videos/c/vp/88f85fe989f247e0a2c990568ef1093b/88f85fe989f247e0a2c990568ef1093b.HD-720p-1.6Mbps-77024166.mp4,https://cdn.shopify.com/videos/c/vp/b118e11e82ff4fa988e888055fc02e28/b118e11e82ff4fa988e888055fc02e28.HD-720p-1.6Mbps-77024158.mp4,https://cdn.shopify.com/videos/c/vp/5f4788ef761b4f5a9faa5387b46c6513/5f4788ef761b4f5a9faa5387b46c6513.HD-720p-1.6Mbps-77024159.mp4,https://cdn.shopify.com/videos/c/vp/6e60e2f661cf49d290908cd20fca0ff7/6e60e2f661cf49d290908cd20fca0ff7.HD-720p-3.0Mbps-77024161.mp4,https://cdn.shopify.com/videos/c/vp/6063ed15159a4243862744f29ae26e6b/6063ed15159a4243862744f29ae26e6b.HD-720p-3.0Mbps-77024162.mp4,https://cdn.shopify.com/videos/c/vp/6f03327ab24747b59370aa98c8c9e658/6f03327ab24747b59370aa98c8c9e658.HD-720p-3.0Mbps-77024163.mp4",,100 Pads / 10.14 fl. oz. (300mL)
Low pH Good Morning Gel Cleanser,$14.00,"//cdn.shopify.com/s/files/1/0513/3775/6828/files/low-ph-good-morning-gel-cleanser-cosrx-official-1.jpg?v=1768785801,//cdn.shopify.com/s/files/1/0513/3775/6828/files/LowpH_Gel_Cleanser_02__1.webp?v=1780987993,//cdn.shopify.com/s/files/1/0513/3775/6828/files/LowpH_Gel_Cleanser_03.webp?v=1780904507,//cdn.shopify.com/s/files/1/0513/3775/6828/files/LowpH_Gel_Cleanser_04.webp?v=1780904507,//cdn.shopify.com/s/files/1/0513/3775/6828/files/LowpH_Gel_Cleanser_05.webp?v=1780904507,//cdn.shopify.com/s/files/1/0513/3775/6828/files/LowpH_Gel_Cleanser_07.webp?v=1780904507,//cdn.shopify.com/s/files/1/0513/3775/6828/files/LowpH_Gel_Cleanser_08.webp?v=1780904507,//cdn.shopify.com/s/files/1/0513/3775/6828/files/low-ph-good-morning-gel-cleanser-cosrx-official-12.jpg?v=1768785801,//cdn.shopify.com/s/files/1/0513/3775/6828/files/low-ph-good-morning-gel-cleanser-cosrx-official-11.jpg?v=1768785801,//cdn.shopify.com/s/files/1/0513/3775/6828/files/preview_images/e8fddfeb42c34e87976934c6289720df.thumbnail.0000000000_1024x.jpg?v=1780986641,//cdn.shopify.com/s/files/1/0513/3775/6828/files/preview_images/a80445410bff4e7da3b463ae04880349.thumbnail.0000000000_1024x.jpg?v=1780904524,//cdn.shopify.com/s/files/1/0513/3775/6828/files/preview_images/fd2cf5864fba4420a4d587c5053fbff4.thumbnail.0000000000_1024x.jpg?v=1780904531","https://cdn.shopify.com/videos/c/vp/e8fddfeb42c34e87976934c6289720df/e8fddfeb42c34e87976934c6289720df.HD-720p-2.1Mbps-86033980.mp4,https://cdn.shopify.com/videos/c/vp/a80445410bff4e7da3b463ae04880349/a80445410bff4e7da3b463ae04880349.HD-720p-1.6Mbps-85954988.mp4,https://cdn.shopify.com/videos/c/vp/fd2cf5864fba4420a4d587c5053fbff4/fd2cf5864fba4420a4d587c5053fbff4.HD-720p-4.5Mbps-85954989.mp4",,
COSRX RED RICE INOSITOL Pore Clarifying Deep Cleanser,$20.00,"//cdn.shopify.com/s/files/1/0513/3775/6828/files/Thumb_RedRice_Inositol_DeepCleanser_800x1067_1.webp?v=1775037121,//cdn.shopify.com/s/files/1/0513/3775/6828/files/RedRice_Inositol_Creanser_02.webp?v=1776305302,//cdn.shopify.com/s/files/1/0513/3775/6828/files/RedRice_Inositol_Creanser_03.webp?v=1776305302,//cdn.shopify.com/s/files/1/0513/3775/6828/files/RedRice_Inositol_Creanser_04.webp?v=1776305302,//cdn.shopify.com/s/files/1/0513/3775/6828/files/RedRice_Inositol_Creanser_06_1.webp?v=1779441106,//cdn.shopify.com/s/files/1/0513/3775/6828/files/RedRice_Inositol_Creanser_07.webp?v=1776305302,//cdn.shopify.com/s/files/1/0513/3775/6828/files/RedRice_Inositol_Creanser_08.webp?v=1776305302,//cdn.shopify.com/s/files/1/0513/3775/6828/files/RedRice_Inositol_Creanser_09_2.webp?v=1776305302,//cdn.shopify.com/s/files/1/0513/3775/6828/files/RedRice_Inositol_Creanser_10.webp?v=1776305302,//cdn.shopify.com/s/files/1/0513/3775/6828/files/RedRice_Inositol_Creanser_11.webp?v=1776305302,//cdn.shopify.com/s/files/1/0513/3775/6828/files/RedRice_Inositol_Creanser_13.webp?v=1776305302,//cdn.shopify.com/s/files/1/0513/3775/6828/files/RedRice_Inositol_Creanser_14.webp?v=1776305302,//cdn.shopify.com/s/files/1/0513/3775/6828/files/RedRice_Inositol_Creanser_15.webp?v=1776305302,//cdn.shopify.com/s/files/1/0513/3775/6828/files/RedRice_Inositol_Creanser_16.webp?v=1776305302,//cdn.shopify.com/s/files/1/0513/3775/6828/files/RedRice_Inositol_Creanser_17.webp?v=1776305302,//cdn.shopify.com/s/files/1/0513/3775/6828/files/preview_images/a71773cd8a3b4f178817a47e58a3b7fd.thumbnail.0000000000_1024x.jpg?v=1776305261,//cdn.shopify.com/s/files/1/0513/3775/6828/files/preview_images/a6ebb1502f074300ba061976ec8d581c.thumbnail.0000000000_1024x.jpg?v=1776305260,//cdn.shopify.com/s/files/1/0513/3775/6828/files/preview_images/c3c818cf908a4ef38b48edf0e7d96b4a.thumbnail.0000000000_1024x.jpg?v=1776305260","https://cdn.shopify.com/videos/c/vp/a71773cd8a3b4f178817a47e58a3b7fd/a71773cd8a3b4f178817a47e58a3b7fd.HD-720p-1.6Mbps-81714070.mp4,https://cdn.shopify.com/videos/c/vp/a6ebb1502f074300ba061976ec8d581c/a6ebb1502f074300ba061976ec8d581c.HD-720p-1.6Mbps-81714071.mp4,https://cdn.shopify.com/videos/c/vp/c3c818cf908a4ef38b48edf0e7d96b4a/c3c818cf908a4ef38b48edf0e7d96b4a.HD-720p-2.1Mbps-81714073.mp4",,150mL / 5.07 fl. oz.
COSRX RED RICE INOSITOL Exfoliating Care Pore Wash-Off Peel Serum,$22.00,"//cdn.shopify.com/s/files/1/0513/3775/6828/files/Thumb_RedRice_Inositol_Serum_800x1067_1cb5f547-d3ec-4d5b-bbd8-4d4c7700dd16.webp?v=1775037226,//cdn.shopify.com/s/files/1/0513/3775/6828/files/RedRice_Inositol_Serum_05.webp?v=1776304808,//cdn.shopify.com/s/files/1/0513/3775/6828/files/RedRice_Inositol_Serum_06.webp?v=1776304808,//cdn.shopify.com/s/files/1/0513/3775/6828/files/RedRice_Inositol_Serum_07_1.webp?v=1778061000,//cdn.shopify.com/s/files/1/0513/3775/6828/files/RedRice_Inositol_Serum_08.webp?v=1776304808,//cdn.shopify.com/s/files/1/0513/3775/6828/files/RedRice_Inositol_Serum_09.webp?v=1776304808,//cdn.shopify.com/s/files/1/0513/3775/6828/files/RedRice_Inositol_Serum_10.webp?v=1776304808,//cdn.shopify.com/s/files/1/0513/3775/6828/files/RedRice_Inositol_Serum_11_1.webp?v=1777005964,//cdn.shopify.com/s/files/1/0513/3775/6828/files/RedRice_Inositol_Serum_14.webp?v=1776304808,//cdn.shopify.com/s/files/1/0513/3775/6828/files/RedRice_Inositol_Serum_18.webp?v=1776304808,//cdn.shopify.com/s/files/1/0513/3775/6828/files/preview_images/90871c0b70c84102844cb5c62a6c73d4.thumbnail.0000000000_1024x.jpg?v=1776304691,//cdn.shopify.com/s/files/1/0513/3775/6828/files/preview_images/f08a5f5d113f4bfbac216439549eff2c.thumbnail.0000000000_1024x.jpg?v=1776304691,//cdn.shopify.com/s/files/1/0513/3775/6828/files/preview_images/5a81019ec7d74b589e2909f4e6059a65.thumbnail.0000000000_1024x.jpg?v=1776304695,//cdn.shopify.com/s/files/1/0513/3775/6828/files/preview_images/f93f448d40114b54bf4ec22eeab280df.thumbnail.0000000000_1024x.jpg?v=1776304696,//cdn.shopify.com/s/files/1/0513/3775/6828/files/preview_images/01542ffa72144a6e8d15783327c50698.thumbnail.0000000000_1024x.jpg?v=1776304695,//cdn.shopify.com/s/files/1/0513/3775/6828/files/preview_images/3e813bd535e84cccb9c36c10b9b89aea.thumbnail.0000000000_1024x.jpg?v=1776304698,//cdn.shopify.com/s/files/1/0513/3775/6828/files/preview_images/40c56c909291470eb4f68c8163ab0f6c.thumbnail.0000000000_1024x.jpg?v=1776304697,//cdn.shopify.com/s/files/1/0513/3775/6828/files/preview_images/dcf8a23f06264b0398a52e7af2f76d91.thumbnail.0000000000_1024x.jpg?v=1776304699,//cdn.shopify.com/s/files/1/0513/3775/6828/files/preview_images/55300453ce654db7ab4aca166f66dbf4.thumbnail.0000000000_1024x.jpg?v=1776304695","https://cdn.shopify.com/videos/c/vp/90871c0b70c84102844cb5c62a6c73d4/90871c0b70c84102844cb5c62a6c73d4.HD-720p-1.6Mbps-81713223.mp4,https://cdn.shopify.com/videos/c/vp/f08a5f5d113f4bfbac216439549eff2c/f08a5f5d113f4bfbac216439549eff2c.HD-720p-1.6Mbps-81713224.mp4,https://cdn.shopify.com/videos/c/vp/5a81019ec7d74b589e2909f4e6059a65/5a81019ec7d74b589e2909f4e6059a65.HD-720p-3.0Mbps-81713225.mp4,https://cdn.shopify.com/videos/c/vp/f93f448d40114b54bf4ec22eeab280df/f93f448d40114b54bf4ec22eeab280df.HD-720p-1.6Mbps-81713226.mp4,https://cdn.shopify.com/videos/c/vp/01542ffa72144a6e8d15783327c50698/01542ffa72144a6e8d15783327c50698.HD-720p-1.6Mbps-81713227.mp4,https://cdn.shopify.com/videos/c/vp/3e813bd535e84cccb9c36c10b9b89aea/3e813bd535e84cccb9c36c10b9b89aea.HD-720p-3.0Mbps-81713229.mp4,https://cdn.shopify.com/videos/c/vp/40c56c909291470eb4f68c8163ab0f6c/40c56c909291470eb4f68c8163ab0f6c.HD-720p-2.1Mbps-81713230.mp4,https://cdn.shopify.com/videos/c/vp/dcf8a23f06264b0398a52e7af2f76d91/dcf8a23f06264b0398a52e7af2f76d91.HD-720p-4.5Mbps-81713231.mp4,https://cdn.shopify.com/videos/c/vp/55300453ce654db7ab4aca166f66dbf4/55300453ce654db7ab4aca166f66dbf4.HD-720p-1.6Mbps-81713232.mp4",,80mL / 2.71 fl. oz.
Advanced Snail Mucin Gel Cleanser,$18.00,"//cdn.shopify.com/s/files/1/0513/3775/6828/files/advanced-snail-mucin-gel-cleanser-cosrx-official-1.png?v=1724835788,//cdn.shopify.com/s/files/1/0513/3775/6828/files/01_25d36ef8-9a2e-4e01-bcbd-b2e6892d5c78.webp?v=1778476700,//cdn.shopify.com/s/files/1/0513/3775/6828/files/02_c61cc26b-48c6-4a29-b4e3-d90e9f8dbdaf.webp?v=1778476700,//cdn.shopify.com/s/files/1/0513/3775/6828/files/05_4c01dd41-694a-41e8-a188-ef58df4a4951.webp?v=1778476701,//cdn.shopify.com/s/files/1/0513/3775/6828/files/06_01ffbae8-bc65-4996-ab1a-a560035c7eb8.webp?v=1778476701,//cdn.shopify.com/s/files/1/0513/3775/6828/files/07_2dc35b15-59c3-4e4f-956a-eaade767712a.webp?v=1778476700,//cdn.shopify.com/s/files/1/0513/3775/6828/files/04_57ed2cec-7e25-4887-a84c-d814e946cf79.webp?v=1778476701,//cdn.shopify.com/s/files/1/0513/3775/6828/files/08_5f155054-c22c-409f-872b-9aedfebfdc55.webp?v=1778476701,//cdn.shopify.com/s/files/1/0513/3775/6828/files/preview_images/556b56ab700945058fd9de59deddeb52.thumbnail.0000000000_1024x.jpg?v=1778476720",https://cdn.shopify.com/videos/c/vp/556b56ab700945058fd9de59deddeb52/556b56ab700945058fd9de59deddeb52.HD-720p-1.6Mbps-83823450.mp4,,
Advanced Snail 92 All in One Cream,$26.00,"//cdn.shopify.com/s/files/1/0513/3775/6828/files/snail_cream_thumbnail.png?v=1748420673,//cdn.shopify.com/s/files/1/0513/3775/6828/files/advanced-snail-92-all-in-one-cream-cosrx-official-4.jpg?v=1762909943,//cdn.shopify.com/s/files/1/0513/3775/6828/files/advanced-snail-92-all-in-one-cream-cosrx-official-2.jpg?v=1762909943,//cdn.shopify.com/s/files/1/0513/3775/6828/files/advanced-snail-92-all-in-one-cream-cosrx-official-3.jpg?v=1762909943,//cdn.shopify.com/s/files/1/0513/3775/6828/files/advanced-snail-92-all-in-one-cream-cosrx-official-5.jpg?v=1762909943,//cdn.shopify.com/s/files/1/0513/3775/6828/files/advanced-snail-92-all-in-one-cream-cosrx-official-6.jpg?v=1762909943,//cdn.shopify.com/s/files/1/0513/3775/6828/files/advanced-snail-92-all-in-one-cream-cosrx-official-8.jpg?v=1762909943,//cdn.shopify.com/s/files/1/0513/3775/6828/files/advanced-snail-92-all-in-one-cream-cosrx-official-9.jpg?v=1762909943,//cdn.shopify.com/s/files/1/0513/3775/6828/files/advanced-snail-92-all-in-one-cream-cosrx-official-10.png?v=1762909943,//cdn.shopify.com/s/files/1/0513/3775/6828/files/advanced-snail-92-all-in-one-cream-cosrx-official-11.jpg?v=1762909943,//cdn.shopify.com/s/files/1/0513/3775/6828/files/advanced-snail-92-all-in-one-cream-cosrx-official-12.jpg?v=1762909943,//cdn.shopify.com/s/files/1/0513/3775/6828/files/advanced-snail-92-all-in-one-cream-cosrx-official-13.jpg?v=1762909943,//cdn.shopify.com/s/files/1/0513/3775/6828/files/800x1067____231120.webp?v=1762909943,//cdn.shopify.com/s/files/1/0513/3775/6828/files/advanced-snail-92-all-in-one-cream-cosrx-official-14.jpg?v=1762909943,//cdn.shopify.com/s/files/1/0513/3775/6828/files/5_bc6986a1-1b85-42ce-b761-6bc4acbb07a3.png?v=1757571879,//cdn.shopify.com/s/files/1/0513/3775/6828/files/advanced-snail-92-all-in-one-cream-cosrx-official-15.jpg?v=1757571879,//cdn.shopify.com/s/files/1/0513/3775/6828/files/advanced-snail-92-all-in-one-cream-cosrx-official-16.jpg?v=1762909943,//cdn.shopify.com/s/files/1/0513/3775/6828/files/SnailCream200g_800x1067_47f7bb84-ae86-468e-85ca-b86beb3a2f7c.jpg?v=1757571879,//cdn.shopify.com/s/files/1/0513/3775/6828/products/d5c633e20cea4a1ba07c1795b5a6f8c0.thumbnail.0000000_1024x.jpg?v=1638228316",https://cdn.shopify.com/videos/c/vp/d5c633e20cea4a1ba07c1795b5a6f8c0/d5c633e20cea4a1ba07c1795b5a6f8c0.HD-720p-4.5Mbps.mp4,,
Advanced Snail 96 Mucin Power Essence,$25.00,"//cdn.shopify.com/s/files/1/0513/3775/6828/files/james_800x1067_1_1_4e9750cc-2cd6-4817-ace5-be2305a85806.jpg?v=1763111577,//cdn.shopify.com/s/files/1/0513/3775/6828/files/advanced-snail-96-mucin-power-essence-cosrx-official-4.jpg?v=1763111577,//cdn.shopify.com/s/files/1/0513/3775/6828/files/Snail96Essence_8.jpg?v=1763111577,//cdn.shopify.com/s/files/1/0513/3775/6828/files/advanced-snail-96-mucin-power-essence-cosrx-official-3.jpg?v=1763111577,//cdn.shopify.com/s/files/1/0513/3775/6828/files/advanced-snail-96-mucin-power-essence-cosrx-official-5.png?v=1763111577,//cdn.shopify.com/s/files/1/0513/3775/6828/files/advanced-snail-96-mucin-power-essence-cosrx-official-6.jpg?v=1763111577,//cdn.shopify.com/s/files/1/0513/3775/6828/files/advanced-snail-96-mucin-power-essence-cosrx-official-7.jpg?v=1763111577,//cdn.shopify.com/s/files/1/0513/3775/6828/files/advanced-snail-96-mucin-power-essence-cosrx-official-8.jpg?v=1763111577,//cdn.shopify.com/s/files/1/0513/3775/6828/files/advanced-snail-96-mucin-power-essence-cosrx-official-9.jpg?v=1763111577,//cdn.shopify.com/s/files/1/0513/3775/6828/files/800x1067____231120_e9c80f69-91e9-4f80-99f4-e62372240f7b.webp?v=1763111577,//cdn.shopify.com/s/files/1/0513/3775/6828/files/260722_snailmucin_800x1067_79f91ebd-dde6-45a1-9928-1d6af0daae17.jpg?v=1784707120,//cdn.shopify.com/s/files/1/0513/3775/6828/files/260722_snail_mucin50ml_800x1067_3a819f68-26dc-4b26-b84b-6618538a788d.jpg?v=1784707106,//cdn.shopify.com/s/files/1/0513/3775/6828/files/advanced-snail-96-mucin-power-essence-cosrx-official-10.jpg?v=1763111577,//cdn.shopify.com/s/files/1/0513/3775/6828/products/a79e3ba1ca6a48a081b496f9eb7369c4.thumbnail.0000000_1024x.jpg?v=1658355596,//cdn.shopify.com/s/files/1/0513/3775/6828/products/01305fd3ca6a47ea9b3a148511842df7.thumbnail.0000000_1024x.jpg?v=1638247545","https://cdn.shopify.com/videos/c/vp/a79e3ba1ca6a48a081b496f9eb7369c4/a79e3ba1ca6a48a081b496f9eb7369c4.HD-1080p-3.3Mbps.mp4,https://cdn.shopify.com/videos/c/vp/01305fd3ca6a47ea9b3a148511842df7/01305fd3ca6a47ea9b3a148511842df7.HD-720p-4.5Mbps.mp4",,
COSRX 5 PDRN B5 Vital Soothing Toner,$23.00,"//cdn.shopify.com/s/files/1/0513/3775/6828/files/5PDRN_Toner_00.webp?v=1761526535,//cdn.shopify.com/s/files/1/0513/3775/6828/files/5PDRN_Toner_01__2.webp?v=1761732095,//cdn.shopify.com/s/files/1/0513/3775/6828/files/5PDRN_Toner_02.webp?v=1761732095,//cdn.shopify.com/s/files/1/0513/3775/6828/files/5PDRN_Toner_03.webp?v=1761732095,//cdn.shopify.com/s/files/1/0513/3775/6828/files/5PDRN_Toner_04.webp?v=1761732095,//cdn.shopify.com/s/files/1/0513/3775/6828/files/5PDRN_Toner_05.webp?v=1761732095,//cdn.shopify.com/s/files/1/0513/3775/6828/files/5PDRN_Toner_07__2.webp?v=1762906197,//cdn.shopify.com/s/files/1/0513/3775/6828/files/5PDRN_Toner_09__2.webp?v=1762906197,//cdn.shopify.com/s/files/1/0513/3775/6828/files/5PDRN_Toner_10.webp?v=1762906197,//cdn.shopify.com/s/files/1/0513/3775/6828/files/5PDRN_Toner_12.webp?v=1762906197,//cdn.shopify.com/s/files/1/0513/3775/6828/files/5PDRN_Toner_14.webp?v=1762906197,//cdn.shopify.com/s/files/1/0513/3775/6828/files/5PDRN_Serum_17.webp?v=1762906197,//cdn.shopify.com/s/files/1/0513/3775/6828/files/5PDRN_Serum_18__2.webp?v=1762906197,//cdn.shopify.com/s/files/1/0513/3775/6828/files/5PDRN_Toner_small_090947f5-045b-4df5-8c53-548d7db64f19.jpg?v=1780550880,//cdn.shopify.com/s/files/1/0513/3775/6828/files/preview_images/dfd44ca714154970b31daf270c2f7af7.thumbnail.0000000000_1024x.jpg?v=1762906095,//cdn.shopify.com/s/files/1/0513/3775/6828/files/preview_images/45f5447df60143539495c9702d1eac14.thumbnail.0000000000_1024x.jpg?v=1761730104,//cdn.shopify.com/s/files/1/0513/3775/6828/files/preview_images/e52f125590f344c9adbd9d61d3feee78.thumbnail.0000000000_1024x.jpg?v=1762906171,//cdn.shopify.com/s/files/1/0513/3775/6828/files/preview_images/cfb099a3c6324ed5b8a4e7a6e3d7d83c.thumbnail.0000000000_1024x.jpg?v=1761730104,//cdn.shopify.com/s/files/1/0513/3775/6828/files/preview_images/2d4279cdd8ec4584acf305f084cf0bac.thumbnail.0000000000_1024x.jpg?v=1761899067,//cdn.shopify.com/s/files/1/0513/3775/6828/files/preview_images/9a6ec8f3ce5a4f0785c3068d7d05f0b0.thumbnail.0000000000_1024x.jpg?v=1761730104","https://cdn.shopify.com/videos/c/vp/dfd44ca714154970b31daf270c2f7af7/dfd44ca714154970b31daf270c2f7af7.HD-720p-4.5Mbps-62391982.mp4,https://cdn.shopify.com/videos/c/vp/45f5447df60143539495c9702d1eac14/45f5447df60143539495c9702d1eac14.HD-720p-4.5Mbps-61137917.mp4,https://cdn.shopify.com/videos/c/vp/e52f125590f344c9adbd9d61d3feee78/e52f125590f344c9adbd9d61d3feee78.HD-720p-1.6Mbps-62392064.mp4,https://cdn.shopify.com/videos/c/vp/cfb099a3c6324ed5b8a4e7a6e3d7d83c/cfb099a3c6324ed5b8a4e7a6e3d7d83c.HD-720p-4.5Mbps-61137919.mp4,https://cdn.shopify.com/videos/c/vp/2d4279cdd8ec4584acf305f084cf0bac/2d4279cdd8ec4584acf305f084cf0bac.HD-720p-4.5Mbps-61311920.mp4,https://cdn.shopify.com/videos/c/vp/9a6ec8f3ce5a4f0785c3068d7d05f0b0/9a6ec8f3ce5a4f0785c3068d7d05f0b0.HD-720p-4.5Mbps-61137921.mp4",,"280 mL / 9.46 fl oz, 80 mL / 2.71 fl oz"
COSRX 5 PDRN Hyaluronic Acid Vital Hydrating Hydrogel Mask,$15.00,"//cdn.shopify.com/s/files/1/0513/3775/6828/files/5PDRN_Hydrogel_Mask_00.webp?v=1761526641,//cdn.shopify.com/s/files/1/0513/3775/6828/files/5PDRN_Hydrogel_Mask_02.webp?v=1775194995,//cdn.shopify.com/s/files/1/0513/3775/6828/files/5PDRN_Hydrogel_Mask_03.webp?v=1775194995,//cdn.shopify.com/s/files/1/0513/3775/6828/files/5PDRN_Hydrogel_Mask_05.webp?v=1775194995,//cdn.shopify.com/s/files/1/0513/3775/6828/files/5PDRN_Hydrogel_Mask_07.webp?v=1775194995,//cdn.shopify.com/s/files/1/0513/3775/6828/files/5PDRN_Hydrogel_Mask_08.webp?v=1775194995,//cdn.shopify.com/s/files/1/0513/3775/6828/files/5PDRN_Hydrogel_Mask_09.webp?v=1775194995,//cdn.shopify.com/s/files/1/0513/3775/6828/files/5PDRN_Hydrogel_Mask_10.webp?v=1775194995,//cdn.shopify.com/s/files/1/0513/3775/6828/files/5PDRN_Hydrogel_Mask_11.webp?v=1775194995,//cdn.shopify.com/s/files/1/0513/3775/6828/files/5PDRN_Hydrogel_Mask_12.webp?v=1775194995,//cdn.shopify.com/s/files/1/0513/3775/6828/files/5PDRN_Hydrogel_Mask_13.webp?v=1775194995,//cdn.shopify.com/s/files/1/0513/3775/6828/files/5PDRN_Hydrogel_Mask_14.webp?v=1775194995,//cdn.shopify.com/s/files/1/0513/3775/6828/files/5PDRN_Hydrogel_Mask_15.webp?v=1775194995,//cdn.shopify.com/s/files/1/0513/3775/6828/files/5PDRN_Hydrogel_Mask_16-1.webp?v=1775194995,//cdn.shopify.com/s/files/1/0513/3775/6828/files/5PDRN_Hydrogel_Mask_17_1.webp?v=1775194995,//cdn.shopify.com/s/files/1/0513/3775/6828/files/5PDRN_Hydrogel_Mask_19.webp?v=1775194995,//cdn.shopify.com/s/files/1/0513/3775/6828/files/5PDRN_Hydrogel_Mask_20.webp?v=1775194995,//cdn.shopify.com/s/files/1/0513/3775/6828/files/5PDRN_Hydrogel_Mask_21.webp?v=1775194995,//cdn.shopify.com/s/files/1/0513/3775/6828/files/5PDRN_Hydrogel_Mask_22.webp?v=1775194995,//cdn.shopify.com/s/files/1/0513/3775/6828/files/5PDRN_Hydrogel_Mask_23.webp?v=1775194995,//cdn.shopify.com/s/files/1/0513/3775/6828/files/5PDRN_Hydrogel_Mask_24.webp?v=1775194995,//cdn.shopify.com/s/files/1/0513/3775/6828/files/1_aa33d15d-932c-41fd-9443-4c873458fea7.jpg?v=1775194995,//cdn.shopify.com/s/files/1/0513/3775/6828/files/preview_images/0fb9623ba6d543a590a4e10ae436bc20.thumbnail.0000000000_1024x.jpg?v=1761900843,//cdn.shopify.com/s/files/1/0513/3775/6828/files/preview_images/0326694968784a398dfa75a617836ff1.thumbnail.0000000000_1024x.jpg?v=1761900855,//cdn.shopify.com/s/files/1/0513/3775/6828/files/preview_images/3bdf9f278292448db0ce76109ac16f7b.thumbnail.0000000000_1024x.jpg?v=1761900934,//cdn.shopify.com/s/files/1/0513/3775/6828/files/preview_images/7e3155de1d7849ac91a9079968faf4bd.thumbnail.0000000000_1024x.jpg?v=1762906860,//cdn.shopify.com/s/files/1/0513/3775/6828/files/preview_images/299c285ab01642a5abcf79e860d54ce6.thumbnail.0000000000_1024x.jpg?v=1761900889","https://cdn.shopify.com/videos/c/vp/0fb9623ba6d543a590a4e10ae436bc20/0fb9623ba6d543a590a4e10ae436bc20.HD-720p-3.0Mbps-61313788.mp4,https://cdn.shopify.com/videos/c/vp/0326694968784a398dfa75a617836ff1/0326694968784a398dfa75a617836ff1.HD-720p-4.5Mbps-61313807.mp4,https://cdn.shopify.com/videos/c/vp/3bdf9f278292448db0ce76109ac16f7b/3bdf9f278292448db0ce76109ac16f7b.HD-720p-2.1Mbps-61313916.mp4,https://cdn.shopify.com/videos/c/vp/7e3155de1d7849ac91a9079968faf4bd/7e3155de1d7849ac91a9079968faf4bd.HD-720p-4.5Mbps-62392471.mp4,https://cdn.shopify.com/videos/c/vp/299c285ab01642a5abcf79e860d54ce6/299c285ab01642a5abcf79e860d54ce6.HD-720p-4.5Mbps-61313840.mp4",,
COSRX 5 PDRN Collagen Intense Vitalizing Serum,$25.00,"//cdn.shopify.com/s/files/1/0513/3775/6828/files/5PDRN_Serum_00_41bfc9ae-bbf5-40a2-a27c-35b27a2f0780.webp?v=1761526605,//cdn.shopify.com/s/files/1/0513/3775/6828/files/5PDRN_Serum_01__2_1.webp?v=1761900283,//cdn.shopify.com/s/files/1/0513/3775/6828/files/5PDRN_Serum_02__1.webp?v=1761900283,//cdn.shopify.com/s/files/1/0513/3775/6828/files/5PDRN_Serum_03__1.webp?v=1761900283,//cdn.shopify.com/s/files/1/0513/3775/6828/files/5PDRN_Serum_04__1.webp?v=1761900283,//cdn.shopify.com/s/files/1/0513/3775/6828/files/5PDRN_Serum_05__1.webp?v=1761900283,//cdn.shopify.com/s/files/1/0513/3775/6828/files/5PDRN_Serum_08__2_1.webp?v=1762906527,//cdn.shopify.com/s/files/1/0513/3775/6828/files/5PDRN_Serum_10__1.webp?v=1762906527,//cdn.shopify.com/s/files/1/0513/3775/6828/files/5PDRN_Serum_11__1.webp?v=1762906527,//cdn.shopify.com/s/files/1/0513/3775/6828/files/5PDRN_Serum_13__1.webp?v=1762906527,//cdn.shopify.com/s/files/1/0513/3775/6828/files/5PDRN_Serum_14__1.webp?v=1762906527,//cdn.shopify.com/s/files/1/0513/3775/6828/files/5PDRN_Serum_17.jpg?v=1762906527,//cdn.shopify.com/s/files/1/0513/3775/6828/files/5PDRN_Serum_18__2.jpg?v=1762906527,//cdn.shopify.com/s/files/1/0513/3775/6828/files/5PDRN_Serum_small_fcd9651e-2b7e-450f-941e-228aae44457e.jpg?v=1780550849,//cdn.shopify.com/s/files/1/0513/3775/6828/files/preview_images/d156714a93d44591bf9a1297c22bbeeb.thumbnail.0000000000_1024x.jpg?v=1762906330,//cdn.shopify.com/s/files/1/0513/3775/6828/files/preview_images/9bcd7415af2742be8a772463191b5113.thumbnail.0000000000_1024x.jpg?v=1761900255,//cdn.shopify.com/s/files/1/0513/3775/6828/files/preview_images/e58763dff8104ec795b83212ad140240.thumbnail.0000000000_1024x.jpg?v=1761900455,//cdn.shopify.com/s/files/1/0513/3775/6828/files/preview_images/40f79f0f4183486db9fa3a6e018f116d.thumbnail.0000000000_1024x.jpg?v=1761900565,//cdn.shopify.com/s/files/1/0513/3775/6828/files/preview_images/2d4279cdd8ec4584acf305f084cf0bac.thumbnail.0000000000_1024x.jpg?v=1761899067,//cdn.shopify.com/s/files/1/0513/3775/6828/files/preview_images/cdea1d1c9c5b41bd84d6b295174303b8.thumbnail.0000000000_1024x.jpg?v=1761900462","https://cdn.shopify.com/videos/c/vp/d156714a93d44591bf9a1297c22bbeeb/d156714a93d44591bf9a1297c22bbeeb.HD-720p-4.5Mbps-62392154.mp4,https://cdn.shopify.com/videos/c/vp/9bcd7415af2742be8a772463191b5113/9bcd7415af2742be8a772463191b5113.HD-720p-4.5Mbps-61313145.mp4,https://cdn.shopify.com/videos/c/vp/e58763dff8104ec795b83212ad140240/e58763dff8104ec795b83212ad140240.HD-720p-1.6Mbps-61313367.mp4,https://cdn.shopify.com/videos/c/vp/40f79f0f4183486db9fa3a6e018f116d/40f79f0f4183486db9fa3a6e018f116d.HD-720p-3.0Mbps-61313466.mp4,https://cdn.shopify.com/videos/c/vp/2d4279cdd8ec4584acf305f084cf0bac/2d4279cdd8ec4584acf305f084cf0bac.HD-720p-4.5Mbps-61311920.mp4,https://cdn.shopify.com/videos/c/vp/cdea1d1c9c5b41bd84d6b295174303b8/cdea1d1c9c5b41bd84d6b295174303b8.HD-720p-4.5Mbps-61313368.mp4",,"100 mL / 3.38 fl oz, 50 mL / 1.69 fl oz"
The Hyaluronic Acid 3 Serum,$17.50,"//cdn.shopify.com/s/files/1/0513/3775/6828/files/the-hyaluronic-acid-3-serum-cosrx-official-1.jpg?v=1724836664,//cdn.shopify.com/s/files/1/0513/3775/6828/files/the-hyaluronic-acid-3-serum-cosrx-official-2.jpg?v=1724836666,//cdn.shopify.com/s/files/1/0513/3775/6828/files/the-hyaluronic-acid-3-serum-cosrx-official-3.jpg?v=1724836668,//cdn.shopify.com/s/files/1/0513/3775/6828/files/the-hyaluronic-acid-3-serum-cosrx-official-4.jpg?v=1724836671,//cdn.shopify.com/s/files/1/0513/3775/6828/files/the-hyaluronic-acid-3-serum-cosrx-official-5.jpg?v=1724836673,//cdn.shopify.com/s/files/1/0513/3775/6828/files/the-hyaluronic-acid-3-serum-cosrx-official-6.jpg?v=1724836675,//cdn.shopify.com/s/files/1/0513/3775/6828/files/the-hyaluronic-acid-3-serum-cosrx-official-7.jpg?v=1724836677,//cdn.shopify.com/s/files/1/0513/3775/6828/files/the-hyaluronic-acid-3-serum-cosrx-official-8.jpg?v=1724836679,//cdn.shopify.com/s/files/1/0513/3775/6828/files/the-hyaluronic-acid-3-serum-cosrx-official-9.jpg?v=1724836682,//cdn.shopify.com/s/files/1/0513/3775/6828/files/the-hyaluronic-acid-3-serum-cosrx-official-10.jpg?v=1724836684,//cdn.shopify.com/s/files/1/0513/3775/6828/files/the-hyaluronic-acid-3-serum-cosrx-official-11.jpg?v=1724836686,//cdn.shopify.com/s/files/1/0513/3775/6828/files/the-hyaluronic-acid-3-serum-cosrx-official-12.jpg?v=1724836688,//cdn.shopify.com/s/files/1/0513/3775/6828/files/the-hyaluronic-acid-3-serum-cosrx-official-13.jpg?v=1724836690,//cdn.shopify.com/s/files/1/0513/3775/6828/files/the-hyaluronic-acid-3-serum-cosrx-official-14.jpg?v=1724836693",,,20ml / 0.67fl. Oz
Skin Barrier & Glow Routine Duo,$44.20,//cdn.shopify.com/s/files/1/0513/3775/6828/files/BluePeptideSerum_SnailEssence.jpg?v=1782717031,,,
Double Peptide Firming Duo,$44.20,//cdn.shopify.com/s/files/1/0513/3775/6828/files/BluePeptideSerum_peptideSerum.jpg?v=1782717064,,,
The Blue Peptide Bakuchiol Plump Duo,$49.50,//cdn.shopify.com/s/files/1/0513/3775/6828/files/BluePeptideSerum_Cream.jpg?v=1782717004,,,
COSRX Azelaic Acid 10 B5 Redness Soothing Cream,$20.00,"//cdn.shopify.com/s/files/1/0513/3775/6828/files/AzelaicAcid_10_Cream_00.webp?v=1782456881,//cdn.shopify.com/s/files/1/0513/3775/6828/files/AzelaicAcid_10_Cream_01.webp?v=1782710254,//cdn.shopify.com/s/files/1/0513/3775/6828/files/AzelaicAcid_10_Cream_02.webp?v=1782710254,//cdn.shopify.com/s/files/1/0513/3775/6828/files/AzelaicAcid_10_Cream_03.webp?v=1782710255,//cdn.shopify.com/s/files/1/0513/3775/6828/files/AzelaicAcid_10_Cream_05.webp?v=1782710255,//cdn.shopify.com/s/files/1/0513/3775/6828/files/AzelaicAcid_10_Cream_06.webp?v=1782710255,//cdn.shopify.com/s/files/1/0513/3775/6828/files/AzelaicAcid_10_Cream_07.webp?v=1782710254,//cdn.shopify.com/s/files/1/0513/3775/6828/files/AzelaicAcid_10_Cream_08.webp?v=1782710254,//cdn.shopify.com/s/files/1/0513/3775/6828/files/AzelaicAcid_10_Cream_09.webp?v=1782710254,//cdn.shopify.com/s/files/1/0513/3775/6828/files/AzelaicAcid_10_Cream_10.webp?v=1782710254,//cdn.shopify.com/s/files/1/0513/3775/6828/files/AzelaicAcid_10_Cream_11.webp?v=1782710255,//cdn.shopify.com/s/files/1/0513/3775/6828/files/AzelaicAcid_10_Cream_12__-elementor-io-optimized.webp?v=1782718423,//cdn.shopify.com/s/files/1/0513/3775/6828/files/AzelaicAcid_10_Cream_13.webp?v=1782710342,//cdn.shopify.com/s/files/1/0513/3775/6828/files/AzelaicAcid_10_Cream_14.webp?v=1782710342,//cdn.shopify.com/s/files/1/0513/3775/6828/files/AzelaicAcid_10_Cream_15.webp?v=1782710342,//cdn.shopify.com/s/files/1/0513/3775/6828/files/AzelaicAcid_10_Cream_16.webp?v=1782710342,//cdn.shopify.com/s/files/1/0513/3775/6828/files/AzelaicAcid_10_Cream_18.webp?v=1782710342,//cdn.shopify.com/s/files/1/0513/3775/6828/files/AzelaicAcid_10_Cream_19.webp?v=1782710342,//cdn.shopify.com/s/files/1/0513/3775/6828/files/preview_images/7a678ce3fb33445486e0139227b624e4.thumbnail.0000000000_1024x.jpg?v=1782710506,//cdn.shopify.com/s/files/1/0513/3775/6828/files/preview_images/5dd0158b24db47578c80fd8622007e43.thumbnail.0000000000_1024x.jpg?v=1782710383","https://cdn.shopify.com/videos/c/vp/7a678ce3fb33445486e0139227b624e4/7a678ce3fb33445486e0139227b624e4.HD-720p-1.6Mbps-87642189.mp4,https://cdn.shopify.com/videos/c/vp/5dd0158b24db47578c80fd8622007e43/5dd0158b24db47578c80fd8622007e43.HD-720p-4.5Mbps-87642105.mp4",Azelaic Acid 10%,30mL / 1.01 fl. oz.
The Peptide Collagen Hydrogel Eye Patch,$23.00,"//cdn.shopify.com/s/files/1/0513/3775/6828/files/Hydrogel_Eye_patch_800x1067_c02f7788-3288-4bd7-bbdb-232b9f4de72c.webp?v=1785303430,//cdn.shopify.com/s/files/1/0513/3775/6828/files/Hydrogel_Eye_patch_1.jpg?v=1768284034,//cdn.shopify.com/s/files/1/0513/3775/6828/files/Hydrogel_Eye_patch_2.jpg?v=1768284034,//cdn.shopify.com/s/files/1/0513/3775/6828/files/Hydrogel_Eye_patch_3.jpg?v=1768284034,//cdn.shopify.com/s/files/1/0513/3775/6828/files/Hydrogel_Eye_patch_4.jpg?v=1768284034,//cdn.shopify.com/s/files/1/0513/3775/6828/files/Hydrogel_Eye_patch_5.jpg?v=1768284034,//cdn.shopify.com/s/files/1/0513/3775/6828/files/Hydrogel_Eye_patch_7.jpg?v=1768284034,//cdn.shopify.com/s/files/1/0513/3775/6828/files/Hydrogel_Eye_patch_8.jpg?v=1768284034,//cdn.shopify.com/s/files/1/0513/3775/6828/files/Hydrogel_Eye_patch_9__2.jpg?v=1768284034,//cdn.shopify.com/s/files/1/0513/3775/6828/files/Hydrogel_Eye_patch_11.jpg?v=1768284034,//cdn.shopify.com/s/files/1/0513/3775/6828/files/Hydrogel_Eye_patch_14__2_1.jpg?v=1768284034,//cdn.shopify.com/s/files/1/0513/3775/6828/files/Hydrogel_Eye_patch_15.jpg?v=1768284034,//cdn.shopify.com/s/files/1/0513/3775/6828/files/Hydrogel_Eye_patch_16.jpg?v=1768284034,//cdn.shopify.com/s/files/1/0513/3775/6828/files/Hydrogel_Eye_patch_17.jpg?v=1768284034,//cdn.shopify.com/s/files/1/0513/3775/6828/files/Hydrogel-Eye-patch3_800x1067_e01612cc-f037-4535-8587-9a0d68d4f857.png?v=1768284034,//cdn.shopify.com/s/files/1/0513/3775/6828/files/preview_images/f6cf50e39ffd4445b0bce72469a8b86a.thumbnail.0000000000_1024x.jpg?v=1730424044,//cdn.shopify.com/s/files/1/0513/3775/6828/files/preview_images/69c937bff4644943a91362d0a1b87f28.thumbnail.0000000000_1024x.jpg?v=1730424081,//cdn.shopify.com/s/files/1/0513/3775/6828/files/preview_images/7ad2aa55985941c2bd67e6129b84fcb4.thumbnail.0000000000_1024x.jpg?v=1730424087,//cdn.shopify.com/s/files/1/0513/3775/6828/files/preview_images/9a54e40be432433b8cef009af9c2de4d.thumbnail.0000000000_1024x.jpg?v=1730424090","https://cdn.shopify.com/videos/c/vp/f6cf50e39ffd4445b0bce72469a8b86a/f6cf50e39ffd4445b0bce72469a8b86a.HD-720p-1.6Mbps-37436315.mp4,https://cdn.shopify.com/videos/c/vp/69c937bff4644943a91362d0a1b87f28/69c937bff4644943a91362d0a1b87f28.HD-720p-1.6Mbps-37436325.mp4,https://cdn.shopify.com/videos/c/vp/7ad2aa55985941c2bd67e6129b84fcb4/7ad2aa55985941c2bd67e6129b84fcb4.HD-720p-3.0Mbps-37436326.mp4,https://cdn.shopify.com/videos/c/vp/9a54e40be432433b8cef009af9c2de4d/9a54e40be432433b8cef009af9c2de4d.HD-720p-3.0Mbps-37436327.mp4",,
The Ceramide Skin Barrier Moisturizer,$23.00,"//cdn.shopify.com/s/files/1/0513/3775/6828/files/Skinbarrier_Moisturizer_800x1067_shape.jpg?v=1752553177,//cdn.shopify.com/s/files/1/0513/3775/6828/files/Skinbarrier_Moisturizer_02__2.jpg?v=1752553177,//cdn.shopify.com/s/files/1/0513/3775/6828/files/Skinbarrier_Moisturizer_03__2.jpg?v=1752553177,//cdn.shopify.com/s/files/1/0513/3775/6828/files/Skinbarrier_Moisturizer_04.jpg?v=1752553177,//cdn.shopify.com/s/files/1/0513/3775/6828/files/Skinbarrier_Moisturizer_01__5.webp?v=1756458228,//cdn.shopify.com/s/files/1/0513/3775/6828/files/Skinbarrier_Moisturizer_06.jpg?v=1756458228,//cdn.shopify.com/s/files/1/0513/3775/6828/files/Skinbarrier_Moisturizer_07.jpg?v=1784611688,//cdn.shopify.com/s/files/1/0513/3775/6828/files/Skinbarrier_Moisturizer_08B-1.jpg?v=1756458228,//cdn.shopify.com/s/files/1/0513/3775/6828/files/Skinbarrier_Moisturizer_08B-2.jpg?v=1756458228,//cdn.shopify.com/s/files/1/0513/3775/6828/files/Skinbarrier_Moisturizer_10__2.jpg?v=1756458228,//cdn.shopify.com/s/files/1/0513/3775/6828/files/Skinbarrier_Moisturizer_11__2.jpg?v=1756458228,//cdn.shopify.com/s/files/1/0513/3775/6828/files/Skinbarrier_Moisturizer_13__3.jpg?v=1756458228,//cdn.shopify.com/s/files/1/0513/3775/6828/files/Skinbarrier_Moisturizer_12.jpg?v=1784611688,//cdn.shopify.com/s/files/1/0513/3775/6828/files/Skinbarrier_Moisturizer_15.jpg?v=1756458228,//cdn.shopify.com/s/files/1/0513/3775/6828/files/Skinbarrier_Moisturizer_16.jpg?v=1756458228,//cdn.shopify.com/s/files/1/0513/3775/6828/files/Skinbarrier_Moisturizer_17.jpg?v=1756458228,//cdn.shopify.com/s/files/1/0513/3775/6828/files/Skinbarrier_Moisturizer_18__1.jpg?v=1784611688,//cdn.shopify.com/s/files/1/0513/3775/6828/files/preview_images/11048f30b54e493a80c18828844e7ca9.thumbnail.0000000000_1024x.jpg?v=1741340036,//cdn.shopify.com/s/files/1/0513/3775/6828/files/preview_images/42e0273446a744b78156b3e25cf532eb.thumbnail.0000000000_1024x.jpg?v=1741340081,//cdn.shopify.com/s/files/1/0513/3775/6828/files/preview_images/15c4a853b6b1416ea1a144cf09aa66dd.thumbnail.0000000000_1024x.jpg?v=1741340081","https://cdn.shopify.com/videos/c/vp/11048f30b54e493a80c18828844e7ca9/11048f30b54e493a80c18828844e7ca9.HD-720p-2.1Mbps-43773186.mp4,https://cdn.shopify.com/videos/c/vp/42e0273446a744b78156b3e25cf532eb/42e0273446a744b78156b3e25cf532eb.HD-720p-1.6Mbps-43773214.mp4,https://cdn.shopify.com/videos/c/vp/15c4a853b6b1416ea1a144cf09aa66dd/15c4a853b6b1416ea1a144cf09aa66dd.HD-720p-1.6Mbps-43773215.mp4",,80mL (2.70 fl.oz)
The 6 Peptide Skin Booster Serum,$25.00,"//cdn.shopify.com/s/files/1/0513/3775/6828/files/THE_6_PEPTIDE_SKIN_BOOSTER_SERUM___800x1067_1.webp?v=1784097536,//cdn.shopify.com/s/files/1/0513/3775/6828/files/The6_Peptide_Serum_1.jpg?v=1786070297,//cdn.shopify.com/s/files/1/0513/3775/6828/files/The6_Peptide_Serum_10.jpg?v=1786070295,//cdn.shopify.com/s/files/1/0513/3775/6828/files/The6_Peptide_Serum_11.jpg?v=1786070295,//cdn.shopify.com/s/files/1/0513/3775/6828/files/The6_Peptide_Serum_12.jpg?v=1786070295,//cdn.shopify.com/s/files/1/0513/3775/6828/files/The6_Peptide_Serum_13.jpg?v=1786070296,//cdn.shopify.com/s/files/1/0513/3775/6828/files/The6_Peptide_Serum_15.jpg?v=1786070296,//cdn.shopify.com/s/files/1/0513/3775/6828/files/The6_Peptide_Serum_16_4be8a8b1-52aa-4fbb-b496-6464d3ae19f2.jpg?v=1786070296,//cdn.shopify.com/s/files/1/0513/3775/6828/files/The6_Peptide_Serum_17.jpg?v=1786070295,//cdn.shopify.com/s/files/1/0513/3775/6828/files/The6_Peptide_Serum_18.jpg?v=1786070296,//cdn.shopify.com/s/files/1/0513/3775/6828/files/The6_Peptide_Serum_19.jpg?v=1786070296,//cdn.shopify.com/s/files/1/0513/3775/6828/files/The6_Peptide_Serum_20.jpg?v=1786070296,//cdn.shopify.com/s/files/1/0513/3775/6828/files/The6_Peptide_Serum_21.jpg?v=1786070297,//cdn.shopify.com/s/files/1/0513/3775/6828/files/The6_Peptide_Serum_3.jpg?v=1786070296,//cdn.shopify.com/s/files/1/0513/3775/6828/files/The6_Peptide_Serum_6.jpg?v=1786070295,//cdn.shopify.com/s/files/1/0513/3775/6828/files/The6_Peptide_Serum_7.jpg?v=1786070295,//cdn.shopify.com/s/files/1/0513/3775/6828/files/The6_Peptide_Serum_9.jpg?v=1786070295,//cdn.shopify.com/s/files/1/0513/3775/6828/files/800x800_The6_Peptide_Serum.jpg?v=1786070297,//cdn.shopify.com/s/files/1/0513/3775/6828/files/The6_Peptide_Serum_2.jpg?v=1786070297,//cdn.shopify.com/s/files/1/0513/3775/6828/files/The6_Peptide_Serum_4.jpg?v=1786070297,//cdn.shopify.com/s/files/1/0513/3775/6828/files/The6_Peptide_Serum_5_2.jpg?v=1786070297,//cdn.shopify.com/s/files/1/0513/3775/6828/files/preview_images/361e8ec1c6984c2d924cd104ecc0c9bd.thumbnail.0000000000_1024x.jpg?v=1786070303,//cdn.shopify.com/s/files/1/0513/3775/6828/files/preview_images/3303b3d318df4fe3bb9d808283975129.thumbnail.0000000000_1024x.jpg?v=1786070311,//cdn.shopify.com/s/files/1/0513/3775/6828/files/preview_images/9f03c5065e5345d39fc5dec50b37cad6.thumbnail.0000000000_1024x.jpg?v=1786070312","https://cdn.shopify.com/videos/c/vp/361e8ec1c6984c2d924cd104ecc0c9bd/361e8ec1c6984c2d924cd104ecc0c9bd.HD-720p-1.6Mbps-90983608.mp4,https://cdn.shopify.com/videos/c/vp/3303b3d318df4fe3bb9d808283975129/3303b3d318df4fe3bb9d808283975129.HD-720p-1.6Mbps-90983607.mp4,https://cdn.shopify.com/videos/c/vp/9f03c5065e5345d39fc5dec50b37cad6/9f03c5065e5345d39fc5dec50b37cad6.HD-720p-1.6Mbps-90983606.mp4",,150mL (5.07 fl.oz)
COSRX The Blue Peptide Bakuchiol Plump Bounce Cream,$28.00,"//cdn.shopify.com/s/files/1/0513/3775/6828/files/BluePeptide_Cream_00.webp?v=1779876169,//cdn.shopify.com/s/files/1/0513/3775/6828/files/BluePeptide_Cream_01__1.webp?v=1779876169,//cdn.shopify.com/s/files/1/0513/3775/6828/files/BluePeptide__-_1_4a29784c-2bb4-4edb-bae8-8ae8587d4320.jpg?v=1780658817,//cdn.shopify.com/s/files/1/0513/3775/6828/files/BluePeptide_Cream_02_1.webp?v=1779876169,//cdn.shopify.com/s/files/1/0513/3775/6828/files/BluePeptide_Cream_03_1.webp?v=1779876169,//cdn.shopify.com/s/files/1/0513/3775/6828/files/BluePeptide_Cream_05_1.webp?v=1779876169,//cdn.shopify.com/s/files/1/0513/3775/6828/files/BluePeptide_Cream_06__1.webp?v=1779876169,//cdn.shopify.com/s/files/1/0513/3775/6828/files/BluePeptide_Cream_07__1.webp?v=1779876169,//cdn.shopify.com/s/files/1/0513/3775/6828/files/BluePeptide_Cream_08_2.webp?v=1779876702,//cdn.shopify.com/s/files/1/0513/3775/6828/files/BluePeptide_Cream_09_1.webp?v=1779876169,//cdn.shopify.com/s/files/1/0513/3775/6828/files/BluePeptide_Cream_10_c28a7c66-d165-4548-85f4-39395dd08677.webp?v=1779876216,//cdn.shopify.com/s/files/1/0513/3775/6828/files/BluePeptide_Cream_12__1.webp?v=1779876511,//cdn.shopify.com/s/files/1/0513/3775/6828/files/BluePeptide_Cream_13.webp?v=1779876800,//cdn.shopify.com/s/files/1/0513/3775/6828/files/BluePeptide_Cream_16__1.webp?v=1779876654,//cdn.shopify.com/s/files/1/0513/3775/6828/files/BluePeptide_Cream_17.webp?v=1779876217,//cdn.shopify.com/s/files/1/0513/3775/6828/files/BluePeptide_Cream_18.webp?v=1779876616,//cdn.shopify.com/s/files/1/0513/3775/6828/files/BluePeptide_Cream_19.webp?v=1779876578,//cdn.shopify.com/s/files/1/0513/3775/6828/files/BluePeptide_Cream_22_1.webp?v=1779876216,//cdn.shopify.com/s/files/1/0513/3775/6828/files/preview_images/e1d9180b43e14651b1ef496cae3ec13e.thumbnail.0000000000_1024x.jpg?v=1779876284,//cdn.shopify.com/s/files/1/0513/3775/6828/files/preview_images/c439ea580c7e46f0b156552efc9a690c.thumbnail.0000000000_1024x.jpg?v=1779876316,//cdn.shopify.com/s/files/1/0513/3775/6828/files/preview_images/d734a5a95d2b459d9152f6665af085c1.thumbnail.0000000000_1024x.jpg?v=1779876315,//cdn.shopify.com/s/files/1/0513/3775/6828/files/preview_images/367941fd91e24629aee4642c5a857834.thumbnail.0000000000_1024x.jpg?v=1779876321,//cdn.shopify.com/s/files/1/0513/3775/6828/files/preview_images/ced339a492c945efbf05f85200bcba4a.thumbnail.0000000000_1024x.jpg?v=1779876315,//cdn.shopify.com/s/files/1/0513/3775/6828/files/preview_images/d374873eef864e4fac25addd856e9b0b.thumbnail.0000000000_1024x.jpg?v=1779876316,//cdn.shopify.com/s/files/1/0513/3775/6828/files/preview_images/bc73a3ccaff14b5ab48ae917c6a35f12.thumbnail.0000000000_1024x.jpg?v=1779876315","https://cdn.shopify.com/videos/c/vp/e1d9180b43e14651b1ef496cae3ec13e/e1d9180b43e14651b1ef496cae3ec13e.HD-720p-1.6Mbps-85042354.mp4,https://cdn.shopify.com/videos/c/vp/c439ea580c7e46f0b156552efc9a690c/c439ea580c7e46f0b156552efc9a690c.HD-720p-1.6Mbps-85042383.mp4,https://cdn.shopify.com/videos/c/vp/d734a5a95d2b459d9152f6665af085c1/d734a5a95d2b459d9152f6665af085c1.HD-720p-1.6Mbps-85042384.mp4,https://cdn.shopify.com/videos/c/vp/367941fd91e24629aee4642c5a857834/367941fd91e24629aee4642c5a857834.HD-720p-4.5Mbps-85042385.mp4,https://cdn.shopify.com/videos/c/vp/ced339a492c945efbf05f85200bcba4a/ced339a492c945efbf05f85200bcba4a.HD-720p-1.6Mbps-85042387.mp4,https://cdn.shopify.com/videos/c/vp/d374873eef864e4fac25addd856e9b0b/d374873eef864e4fac25addd856e9b0b.HD-720p-1.6Mbps-85042381.mp4,https://cdn.shopify.com/videos/c/vp/bc73a3ccaff14b5ab48ae917c6a35f12/bc73a3ccaff14b5ab48ae917c6a35f12.HD-720p-1.6Mbps-85042382.mp4","Copper Peptide 0.5% (5,000ppm) + Bakuchiol 0.05% (500ppm)",50mL / 1.69 fl. oz.
COSRX The Blue Peptide Bakuchiol Plump Glow Serum,$27.00,"//cdn.shopify.com/s/files/1/0513/3775/6828/files/BluePeptide_Serum_00.jpg?v=1777444989,//cdn.shopify.com/s/files/1/0513/3775/6828/files/BluePeptide_Serum_01_e12a9b68-8aca-4628-ba86-9b46beef3f49.jpg?v=1781770967,//cdn.shopify.com/s/files/1/0513/3775/6828/files/BluePeptide__-_1_a80f0d8b-adf4-41db-b8cc-3d285079be19.jpg?v=1780659432,//cdn.shopify.com/s/files/1/0513/3775/6828/files/BluePeptide_Serum_02__3.webp?v=1777521461,//cdn.shopify.com/s/files/1/0513/3775/6828/files/BluePeptide_Serum_03.webp?v=1777521461,//cdn.shopify.com/s/files/1/0513/3775/6828/files/BluePeptide_Serum_05.webp?v=1777521461,//cdn.shopify.com/s/files/1/0513/3775/6828/files/BluePeptide_Serum_06_881b3d87-cdda-4aa9-bc5d-083fc7a29938.webp?v=1779356242,//cdn.shopify.com/s/files/1/0513/3775/6828/files/BluePeptide_Serum_07_f40b94b8-8231-4c1a-93ac-962e1ccb5a46.webp?v=1779356251,//cdn.shopify.com/s/files/1/0513/3775/6828/files/BluePeptide_Serum_08.webp?v=1777521460,//cdn.shopify.com/s/files/1/0513/3775/6828/files/BluePeptide_Serum_10.webp?v=1779356257,//cdn.shopify.com/s/files/1/0513/3775/6828/files/BluePeptide_Serum_11__3.webp?v=1777521460,//cdn.shopify.com/s/files/1/0513/3775/6828/files/BluePeptide_Serum_14.webp?v=1777522179,//cdn.shopify.com/s/files/1/0513/3775/6828/files/BluePeptide_Serum_15__2.webp?v=1777522179,//cdn.shopify.com/s/files/1/0513/3775/6828/files/BluePeptide_Serum_17_5a79319f-0b1b-44bc-800e-733f54acbee9.webp?v=1779356260,//cdn.shopify.com/s/files/1/0513/3775/6828/files/preview_images/f41ca97c5a4146538e0b4550466ad360.thumbnail.0000000000_1024x.jpg?v=1777521946,//cdn.shopify.com/s/files/1/0513/3775/6828/files/preview_images/3c79a5a0de534b8eae655bb6ca35783a.thumbnail.0000000000_1024x.jpg?v=1779356299,//cdn.shopify.com/s/files/1/0513/3775/6828/files/preview_images/438e61a1cfc7488ea3a9353fac0e7cd7.thumbnail.0000000000_1024x.jpg?v=1777521939,//cdn.shopify.com/s/files/1/0513/3775/6828/files/preview_images/50326e8698af4de9a974cb0bf0a115f3.thumbnail.0000000000_1024x.jpg?v=1777521949,//cdn.shopify.com/s/files/1/0513/3775/6828/files/preview_images/49db77a213a14f208e0c5c9ea50384a7.thumbnail.0000000000_1024x.jpg?v=1777522354,//cdn.shopify.com/s/files/1/0513/3775/6828/files/preview_images/cc863497572e497486e89d5913528175.thumbnail.0000000000_1024x.jpg?v=1777522354,//cdn.shopify.com/s/files/1/0513/3775/6828/files/preview_images/0ba101801104497e89b712987d8484a0.thumbnail.0000000000_1024x.jpg?v=1777522445","https://cdn.shopify.com/videos/c/vp/f41ca97c5a4146538e0b4550466ad360/f41ca97c5a4146538e0b4550466ad360.HD-720p-1.6Mbps-83062576.mp4,https://cdn.shopify.com/videos/c/vp/3c79a5a0de534b8eae655bb6ca35783a/3c79a5a0de534b8eae655bb6ca35783a.HD-720p-3.0Mbps-84618759.mp4,https://cdn.shopify.com/videos/c/vp/438e61a1cfc7488ea3a9353fac0e7cd7/438e61a1cfc7488ea3a9353fac0e7cd7.HD-720p-1.6Mbps-83062577.mp4,https://cdn.shopify.com/videos/c/vp/50326e8698af4de9a974cb0bf0a115f3/50326e8698af4de9a974cb0bf0a115f3.HD-720p-4.5Mbps-83062578.mp4,https://cdn.shopify.com/videos/c/vp/49db77a213a14f208e0c5c9ea50384a7/49db77a213a14f208e0c5c9ea50384a7.HD-720p-1.6Mbps-83062841.mp4,https://cdn.shopify.com/videos/c/vp/cc863497572e497486e89d5913528175/cc863497572e497486e89d5913528175.HD-720p-3.0Mbps-83062842.mp4,https://cdn.shopify.com/videos/c/vp/0ba101801104497e89b712987d8484a0/0ba101801104497e89b712987d8484a0.HD-720p-2.1Mbps-83062918.mp4","Copper Peptide 0.5% (5,000ppm) + Bakuchiol 0.25% (2,500ppm)",50mL / 1.69 fl. oz.
Hydrium Watery Toner,$22.00,"//cdn.shopify.com/s/files/1/0513/3775/6828/files/hydrium-watery-toner-cosrx-official-1.jpg?v=1724836011,//cdn.shopify.com/s/files/1/0513/3775/6828/files/hydrium-watery-toner-cosrx-official-2.jpg?v=1724836014,//cdn.shopify.com/s/files/1/0513/3775/6828/files/hydrium-watery-toner-cosrx-official-3.jpg?v=1724836016,//cdn.shopify.com/s/files/1/0513/3775/6828/files/hydrium-watery-toner-cosrx-official-4.jpg?v=1724836018,//cdn.shopify.com/s/files/1/0513/3775/6828/files/hydrium-watery-toner-cosrx-official-5.jpg?v=1724836021,//cdn.shopify.com/s/files/1/0513/3775/6828/files/hydrium-watery-toner-cosrx-official-6.jpg?v=1724836023,//cdn.shopify.com/s/files/1/0513/3775/6828/files/hydrium-watery-toner-cosrx-official-7.jpg?v=1724836025,//cdn.shopify.com/s/files/1/0513/3775/6828/files/hydrium-watery-toner-cosrx-official-8.jpg?v=1724836028,//cdn.shopify.com/s/files/1/0513/3775/6828/files/hydrium-watery-toner-cosrx-official-9.jpg?v=1724836029,//cdn.shopify.com/s/files/1/0513/3775/6828/files/hydrium-watery-toner-cosrx-official-12.jpg?v=1724836031,//cdn.shopify.com/s/files/1/0513/3775/6828/files/waterytoner50_01.jpg?v=1704429317",,,
Full Fit Propolis Honey Overnight Mask,$18.00,"//cdn.shopify.com/s/files/1/0513/3775/6828/files/full-fit-propolis-honey-overnight-mask-cosrx-official-1.jpg?v=1724835974,//cdn.shopify.com/s/files/1/0513/3775/6828/files/full-fit-propolis-honey-overnight-mask-cosrx-official-2.jpg?v=1724835976,//cdn.shopify.com/s/files/1/0513/3775/6828/files/full-fit-propolis-honey-overnight-mask-cosrx-official-3.jpg?v=1724835978,//cdn.shopify.com/s/files/1/0513/3775/6828/files/full-fit-propolis-honey-overnight-mask-cosrx-official-4.jpg?v=1724835980,//cdn.shopify.com/s/files/1/0513/3775/6828/files/full-fit-propolis-honey-overnight-mask-cosrx-official-5.jpg?v=1724835983,//cdn.shopify.com/s/files/1/0513/3775/6828/files/full-fit-propolis-honey-overnight-mask-cosrx-official-6.jpg?v=1724835985,//cdn.shopify.com/s/files/1/0513/3775/6828/files/full-fit-propolis-honey-overnight-mask-cosrx-official-7.jpg?v=1724835987,//cdn.shopify.com/s/files/1/0513/3775/6828/files/full-fit-propolis-honey-overnight-mask-cosrx-official-8.jpg?v=1724835989,//cdn.shopify.com/s/files/1/0513/3775/6828/files/full-fit-propolis-honey-overnight-mask-cosrx-official-9.jpg?v=1724835991,//cdn.shopify.com/s/files/1/0513/3775/6828/files/full-fit-propolis-honey-overnight-mask-cosrx-official-10.jpg?v=1724835992,//cdn.shopify.com/s/files/1/0513/3775/6828/files/full-fit-propolis-honey-overnight-mask-cosrx-official-11.jpg?v=1724835995,//cdn.shopify.com/s/files/1/0513/3775/6828/files/full-fit-propolis-honey-overnight-mask-cosrx-official-12.jpg?v=1724835998,//cdn.shopify.com/s/files/1/0513/3775/6828/files/full-fit-propolis-honey-overnight-mask-cosrx-official-13.jpg?v=1724836000,//cdn.shopify.com/s/files/1/0513/3775/6828/files/full-fit-propolis-honey-overnight-mask-cosrx-official-14.jpg?v=1724836002,//cdn.shopify.com/s/files/1/0513/3775/6828/files/full-fit-propolis-honey-overnight-mask-cosrx-official-15.jpg?v=1724836005,//cdn.shopify.com/s/files/1/0513/3775/6828/files/full-fit-propolis-honey-overnight-mask-cosrx-official-16.jpg?v=1724836007,//cdn.shopify.com/s/files/1/0513/3775/6828/files/full-fit-propolis-honey-overnight-mask-cosrx-official-17.jpg?v=1724836009",,,2.03 fl.oz / 60ml
Hyaluronic Acid Intensive Cream,$25.00,"//cdn.shopify.com/s/files/1/0513/3775/6828/files/hyaluronic-acid-intensive-cream-cosrx-official-1.jpg?v=1724835365,//cdn.shopify.com/s/files/1/0513/3775/6828/files/hyaluronic-acid-intensive-cream-cosrx-official-2.jpg?v=1724835367,//cdn.shopify.com/s/files/1/0513/3775/6828/files/hyaluronic-acid-intensive-cream-cosrx-official-3.jpg?v=1724835370,//cdn.shopify.com/s/files/1/0513/3775/6828/files/hyaluronic-acid-intensive-cream-cosrx-official-4.jpg?v=1724835372,//cdn.shopify.com/s/files/1/0513/3775/6828/files/hyaluronic-acid-intensive-cream-cosrx-official-5.jpg?v=1724835375,//cdn.shopify.com/s/files/1/0513/3775/6828/files/hyaluronic-acid-intensive-cream-cosrx-official-6.jpg?v=1724835377,//cdn.shopify.com/s/files/1/0513/3775/6828/files/hyaluronic-acid-intensive-cream-cosrx-official-7.jpg?v=1724835379,//cdn.shopify.com/s/files/1/0513/3775/6828/files/800x1067____231120_c6fd833e-1e63-446f-81bb-ca35af5f8f47.webp?v=1704429290",,,3.52 oz / 100g
COSRX Skin Barrier Moisturizing Body Cream,$25.00,"//cdn.shopify.com/s/files/1/0513/3775/6828/files/Skinbarrier_Cream_00_9ea9d922-f996-448a-b5b0-372c79f1043c.webp?v=1755070414,//cdn.shopify.com/s/files/1/0513/3775/6828/files/Skinbarrier_Cream_02__3.webp?v=1755070414,//cdn.shopify.com/s/files/1/0513/3775/6828/files/Skinbarrier_Cream_04.webp?v=1755070414,//cdn.shopify.com/s/files/1/0513/3775/6828/files/Skinbarrier_Cream_05__2_1.webp?v=1755677703,//cdn.shopify.com/s/files/1/0513/3775/6828/files/Skinbarrier_Cream_07__3.webp?v=1755677703,//cdn.shopify.com/s/files/1/0513/3775/6828/files/Skinbarrier_Cream_08__2.webp?v=1755677703,//cdn.shopify.com/s/files/1/0513/3775/6828/files/Skinbarrier_Cream_09.webp?v=1755677703,//cdn.shopify.com/s/files/1/0513/3775/6828/files/Skinbarrier_Cream_12.webp?v=1755677703,//cdn.shopify.com/s/files/1/0513/3775/6828/files/Skinbarrier_Cream_13__2.webp?v=1755677703,//cdn.shopify.com/s/files/1/0513/3775/6828/files/Skinbarrier_Cream_14.webp?v=1755677703,//cdn.shopify.com/s/files/1/0513/3775/6828/files/Skinbarrier_Cream_16__A2.webp?v=1755677703,//cdn.shopify.com/s/files/1/0513/3775/6828/files/Skinbarrier_Cream_17__3.webp?v=1755677703,//cdn.shopify.com/s/files/1/0513/3775/6828/files/preview_images/a738b7ff5a1b4850a7079e0596bbcfd0.thumbnail.0000000000_1024x.jpg?v=1755070310,//cdn.shopify.com/s/files/1/0513/3775/6828/files/preview_images/1c636c3da1c34db0acd9a0354a42a571.thumbnail.0000000000_1024x.jpg?v=1755070310,//cdn.shopify.com/s/files/1/0513/3775/6828/files/preview_images/3ee3d9e1c8bb43ab89537ca1489a87c8.thumbnail.0000000000_1024x.jpg?v=1755070316,//cdn.shopify.com/s/files/1/0513/3775/6828/files/preview_images/87ac8a1aa4024604b74c122572e9c783.thumbnail.0000000000_1024x.jpg?v=1755070317,//cdn.shopify.com/s/files/1/0513/3775/6828/files/preview_images/0956ab13c34a4ffc9531ee7e6fada94b.thumbnail.0000000000_1024x.jpg?v=1755070316,//cdn.shopify.com/s/files/1/0513/3775/6828/files/preview_images/db71ad826b5549ff82d2ffa3193bff87.thumbnail.0000000000_1024x.jpg?v=1755070310","https://cdn.shopify.com/videos/c/vp/a738b7ff5a1b4850a7079e0596bbcfd0/a738b7ff5a1b4850a7079e0596bbcfd0.HD-720p-3.0Mbps-54801442.mp4,https://cdn.shopify.com/videos/c/vp/1c636c3da1c34db0acd9a0354a42a571/1c636c3da1c34db0acd9a0354a42a571.HD-720p-1.6Mbps-54801443.mp4,https://cdn.shopify.com/videos/c/vp/3ee3d9e1c8bb43ab89537ca1489a87c8/3ee3d9e1c8bb43ab89537ca1489a87c8.HD-720p-1.6Mbps-54801444.mp4,https://cdn.shopify.com/videos/c/vp/87ac8a1aa4024604b74c122572e9c783/87ac8a1aa4024604b74c122572e9c783.HD-720p-1.6Mbps-54801445.mp4,https://cdn.shopify.com/videos/c/vp/0956ab13c34a4ffc9531ee7e6fada94b/0956ab13c34a4ffc9531ee7e6fada94b.HD-720p-4.5Mbps-54801446.mp4,https://cdn.shopify.com/videos/c/vp/db71ad826b5549ff82d2ffa3193bff87/db71ad826b5549ff82d2ffa3193bff87.HD-720p-4.5Mbps-54801441.mp4",,450 ml / 15.2 fl. oz.
Full Fit Propolis Synergy Toner,$29.00,"//cdn.shopify.com/s/files/1/0513/3775/6828/files/full-fit-propolis-synergy-toner-cosrx-official-1.jpg?v=1724835425,//cdn.shopify.com/s/files/1/0513/3775/6828/files/full-fit-propolis-synergy-toner-cosrx-official-2.jpg?v=1724835428,//cdn.shopify.com/s/files/1/0513/3775/6828/files/full-fit-propolis-synergy-toner-cosrx-official-3.jpg?v=1724835430,//cdn.shopify.com/s/files/1/0513/3775/6828/files/full-fit-propolis-synergy-toner-cosrx-official-4.jpg?v=1724835431,//cdn.shopify.com/s/files/1/0513/3775/6828/files/full-fit-propolis-synergy-toner-cosrx-official-5.jpg?v=1724835434,//cdn.shopify.com/s/files/1/0513/3775/6828/files/full-fit-propolis-synergy-toner-cosrx-official-6.jpg?v=1724835436,//cdn.shopify.com/s/files/1/0513/3775/6828/files/full-fit-propolis-synergy-toner-cosrx-official-7.jpg?v=1724835438,//cdn.shopify.com/s/files/1/0513/3775/6828/files/full-fit-propolis-synergy-toner-cosrx-official-8.jpg?v=1724835440,//cdn.shopify.com/s/files/1/0513/3775/6828/files/full-fit-propolis-synergy-toner-cosrx-official-10.jpg?v=1724835445,//cdn.shopify.com/s/files/1/0513/3775/6828/files/full-fit-propolis-synergy-toner-cosrx-official-11.jpg?v=1724835447,//cdn.shopify.com/s/files/1/0513/3775/6828/files/full-fit-propolis-synergy-toner-cosrx-official-14.jpg?v=1724835453",,,
Balancium Comfort Ceramide Soft Cream Sheet Mask,$6.00,"//cdn.shopify.com/s/files/1/0513/3775/6828/files/balancium-comfort-ceramide-soft-cream-sheet-mask-cosrx-official-1.jpg?v=1724835930,//cdn.shopify.com/s/files/1/0513/3775/6828/files/balancium-comfort-ceramide-soft-cream-sheet-mask-cosrx-official-2.jpg?v=1724835932,//cdn.shopify.com/s/files/1/0513/3775/6828/files/balancium-comfort-ceramide-soft-cream-sheet-mask-cosrx-official-3.jpg?v=1724835934,//cdn.shopify.com/s/files/1/0513/3775/6828/files/balancium-comfort-ceramide-soft-cream-sheet-mask-cosrx-official-4.jpg?v=1724835936,//cdn.shopify.com/s/files/1/0513/3775/6828/files/balancium-comfort-ceramide-soft-cream-sheet-mask-cosrx-official-5.jpg?v=1724835939,//cdn.shopify.com/s/files/1/0513/3775/6828/files/balancium-comfort-ceramide-soft-cream-sheet-mask-cosrx-official-6.jpg?v=1724835941,//cdn.shopify.com/s/files/1/0513/3775/6828/files/balancium-comfort-ceramide-soft-cream-sheet-mask-cosrx-official-7.jpg?v=1724835944,//cdn.shopify.com/s/files/1/0513/3775/6828/files/balancium-comfort-ceramide-soft-cream-sheet-mask-cosrx-official-8.jpg?v=1724835946,//cdn.shopify.com/s/files/1/0513/3775/6828/files/balancium-comfort-ceramide-soft-cream-sheet-mask-cosrx-official-9.jpg?v=1724835948,//cdn.shopify.com/s/files/1/0513/3775/6828/files/balancium-comfort-ceramide-soft-cream-sheet-mask-cosrx-official-10.jpg?v=1724835950",,,1ea
Acne Pimple Master Patch,$6.00,"//cdn.shopify.com/s/files/1/0513/3775/6828/files/acne-pimple-master-patch-cosrx-official-1.jpg?v=1724835736,//cdn.shopify.com/s/files/1/0513/3775/6828/files/acne-pimple-master-patch-cosrx-official-2.jpg?v=1724835738,//cdn.shopify.com/s/files/1/0513/3775/6828/files/acne-pimple-master-patch-cosrx-official-3.jpg?v=1724835741,//cdn.shopify.com/s/files/1/0513/3775/6828/files/acne-pimple-master-patch-cosrx-official-4.jpg?v=1724835743,//cdn.shopify.com/s/files/1/0513/3775/6828/files/acne-pimple-master-patch-cosrx-official-5.jpg?v=1724835745",,,
Lip Plump - Refresh AHA BHA Vitamin C Lip Plumper,$19.00,"//cdn.shopify.com/s/files/1/0513/3775/6828/files/lip-plump-refresh-aha-bha-vitamin-c-lip-plumper-cosrx-official-1.jpg?v=1724836331,//cdn.shopify.com/s/files/1/0513/3775/6828/files/lip-plump-refresh-aha-bha-vitamin-c-lip-plumper-cosrx-official-2.jpg?v=1724836333,//cdn.shopify.com/s/files/1/0513/3775/6828/files/lip-plump-refresh-aha-bha-vitamin-c-lip-plumper-cosrx-official-3.jpg?v=1724836335,//cdn.shopify.com/s/files/1/0513/3775/6828/files/lip-plump-refresh-aha-bha-vitamin-c-lip-plumper-cosrx-official-4.jpg?v=1724836337,//cdn.shopify.com/s/files/1/0513/3775/6828/files/lip-plump-refresh-aha-bha-vitamin-c-lip-plumper-cosrx-official-5.jpg?v=1724836339,//cdn.shopify.com/s/files/1/0513/3775/6828/files/lip-plump-refresh-aha-bha-vitamin-c-lip-plumper-cosrx-official-6.jpg?v=1724836342",,,0.70 fl.oz / 20g
ALL ABOUT SNAIL KIT 4-step,$25.00,"//cdn.shopify.com/s/files/1/0513/3775/6828/files/all-about-snail-kit-4-step-cosrx-official-1.png?v=1724835890,//cdn.shopify.com/s/files/1/0513/3775/6828/files/all-about-snail-kit-4-step-cosrx-official-2.jpg?v=1724835892,//cdn.shopify.com/s/files/1/0513/3775/6828/files/all-about-snail-kit-4-step-cosrx-official-3.jpg?v=1724835894,//cdn.shopify.com/s/files/1/0513/3775/6828/files/all-about-snail-kit-4-step-cosrx-official-4.jpg?v=1724835896,//cdn.shopify.com/s/files/1/0513/3775/6828/files/all-about-snail-kit-4-step-cosrx-official-5.jpg?v=1724835899,//cdn.shopify.com/s/files/1/0513/3775/6828/files/all-about-snail-kit-4-step-cosrx-official-6.jpg?v=1724835901,//cdn.shopify.com/s/files/1/0513/3775/6828/files/all-about-snail-kit-4-step-cosrx-official-7.jpg?v=1724835903,//cdn.shopify.com/s/files/1/0513/3775/6828/files/all-about-snail-kit-4-step-cosrx-official-8.jpg?v=1724835905,//cdn.shopify.com/s/files/1/0513/3775/6828/files/all-about-snail-kit-4-step-cosrx-official-9.jpg?v=1724835907,//cdn.shopify.com/s/files/1/0513/3775/6828/files/all-about-snail-kit-4-step-cosrx-official-10.jpg?v=1724835910,//cdn.shopify.com/s/files/1/0513/3775/6828/files/all-about-snail-kit-4-step-cosrx-official-11.jpg?v=1724835912",,,
Full Fit Propolis Nourishing Magnet Sheet Mask,$6.00,"//cdn.shopify.com/s/files/1/0513/3775/6828/files/full-fit-propolis-nourishing-magnet-sheet-mask-cosrx-official-1.jpg?v=1724836038,//cdn.shopify.com/s/files/1/0513/3775/6828/files/full-fit-propolis-nourishing-magnet-sheet-mask-cosrx-official-2.jpg?v=1724836040,//cdn.shopify.com/s/files/1/0513/3775/6828/files/full-fit-propolis-nourishing-magnet-sheet-mask-cosrx-official-3.jpg?v=1724836042,//cdn.shopify.com/s/files/1/0513/3775/6828/files/full-fit-propolis-nourishing-magnet-sheet-mask-cosrx-official-4.jpg?v=1724836044,//cdn.shopify.com/s/files/1/0513/3775/6828/files/full-fit-propolis-nourishing-magnet-sheet-mask-cosrx-official-5.jpg?v=1724836047,//cdn.shopify.com/s/files/1/0513/3775/6828/files/full-fit-propolis-nourishing-magnet-sheet-mask-cosrx-official-6.jpg?v=1724836049,//cdn.shopify.com/s/files/1/0513/3775/6828/files/full-fit-propolis-nourishing-magnet-sheet-mask-cosrx-official-7.jpg?v=1724836051,//cdn.shopify.com/s/files/1/0513/3775/6828/files/full-fit-propolis-nourishing-magnet-sheet-mask-cosrx-official-8.jpg?v=1724836053,//cdn.shopify.com/s/files/1/0513/3775/6828/files/full-fit-propolis-nourishing-magnet-sheet-mask-cosrx-official-9.jpg?v=1724836056",,,1 ea
Lip Sleep - Balancium Ceramide Lip Butter Sleeping Mask,$19.00,"//cdn.shopify.com/s/files/1/0513/3775/6828/files/lip-sleep-balancium-ceramide-lip-butter-sleeping-mask-cosrx-official-1.jpg?v=1724836282,//cdn.shopify.com/s/files/1/0513/3775/6828/files/lip-sleep-balancium-ceramide-lip-butter-sleeping-mask-cosrx-official-2.jpg?v=1724836284,//cdn.shopify.com/s/files/1/0513/3775/6828/files/lip-sleep-balancium-ceramide-lip-butter-sleeping-mask-cosrx-official-3.jpg?v=1724836286,//cdn.shopify.com/s/files/1/0513/3775/6828/files/lip-sleep-balancium-ceramide-lip-butter-sleeping-mask-cosrx-official-4.jpg?v=1724836289,//cdn.shopify.com/s/files/1/0513/3775/6828/files/lip-sleep-balancium-ceramide-lip-butter-sleeping-mask-cosrx-official-5.jpg?v=1724836291,//cdn.shopify.com/s/files/1/0513/3775/6828/files/lip-sleep-balancium-ceramide-lip-butter-sleeping-mask-cosrx-official-6.jpg?v=1724836293,//cdn.shopify.com/s/files/1/0513/3775/6828/files/lip-sleep-balancium-ceramide-lip-butter-sleeping-mask-cosrx-official-7.jpg?v=1724836295,//cdn.shopify.com/s/files/1/0513/3775/6828/files/lip-sleep-balancium-ceramide-lip-butter-sleeping-mask-cosrx-official-8.jpg?v=1724836297",,,0.70 fl.oz / 20g
Full fit Propolis Light Ampoule,$28.00,"//cdn.shopify.com/s/files/1/0513/3775/6828/files/full-fit-propolis-light-ampoule-cosrx-official-1.jpg?v=1724835475,//cdn.shopify.com/s/files/1/0513/3775/6828/files/full-fit-propolis-light-ampoule-cosrx-official-2.jpg?v=1724835478,//cdn.shopify.com/s/files/1/0513/3775/6828/files/full-fit-propolis-light-ampoule-cosrx-official-3.jpg?v=1724835480,//cdn.shopify.com/s/files/1/0513/3775/6828/files/full-fit-propolis-light-ampoule-cosrx-official-4.jpg?v=1724835483,//cdn.shopify.com/s/files/1/0513/3775/6828/files/full-fit-propolis-light-ampoule-cosrx-official-5.jpg?v=1724835485,//cdn.shopify.com/s/files/1/0513/3775/6828/files/full-fit-propolis-light-ampoule-cosrx-official-6.jpg?v=1724835487,//cdn.shopify.com/s/files/1/0513/3775/6828/files/full-fit-propolis-light-ampoule-cosrx-official-7.jpg?v=1724835489,//cdn.shopify.com/s/files/1/0513/3775/6828/files/full-fit-propolis-light-ampoule-cosrx-official-8.jpg?v=1724835491,//cdn.shopify.com/s/files/1/0513/3775/6828/files/full-fit-propolis-light-ampoule-cosrx-official-9.jpg?v=1724835493,//cdn.shopify.com/s/files/1/0513/3775/6828/files/full-fit-propolis-light-ampoule-cosrx-official-10.jpg?v=1724835496,//cdn.shopify.com/s/files/1/0513/3775/6828/files/full-fit-propolis-light-ampoule-cosrx-official-11.jpg?v=1724835498,//cdn.shopify.com/s/files/1/0513/3775/6828/files/full-fit-propolis-light-ampoule-cosrx-official-12.jpg?v=1724835500",,,
Advanced Snail Radiance Dual Essence,$28.00,"//cdn.shopify.com/s/files/1/0513/3775/6828/files/advanced-snail-radiance-dual-essence-cosrx-official-1.png?v=1724835811,//cdn.shopify.com/s/files/1/0513/3775/6828/files/advanced-snail-radiance-dual-essence-cosrx-official-2.jpg?v=1724835813,//cdn.shopify.com/s/files/1/0513/3775/6828/files/advanced-snail-radiance-dual-essence-cosrx-official-3.jpg?v=1724835815,//cdn.shopify.com/s/files/1/0513/3775/6828/files/advanced-snail-radiance-dual-essence-cosrx-official-4.jpg?v=1724835818,//cdn.shopify.com/s/files/1/0513/3775/6828/files/advanced-snail-radiance-dual-essence-cosrx-official-5.png?v=1724835820,//cdn.shopify.com/s/files/1/0513/3775/6828/files/advanced-snail-radiance-dual-essence-cosrx-official-6.jpg?v=1724835824,//cdn.shopify.com/s/files/1/0513/3775/6828/files/advanced-snail-radiance-dual-essence-cosrx-official-7.jpg?v=1724835826,//cdn.shopify.com/s/files/1/0513/3775/6828/files/advanced-snail-radiance-dual-essence-cosrx-official-8.jpg?v=1724835828,//cdn.shopify.com/s/files/1/0513/3775/6828/files/advanced-snail-radiance-dual-essence-cosrx-official-9.jpg?v=1724835830,//cdn.shopify.com/s/files/1/0513/3775/6828/files/advanced-snail-radiance-dual-essence-cosrx-official-10.jpg?v=1724835832,//cdn.shopify.com/s/files/1/0513/3775/6828/files/advanced-snail-radiance-dual-essence-cosrx-official-11.jpg?v=1724835835",,,80ml / 2.70 fl. oz
Advanced Snail Mucin Glass Glow Hydrogel Mask,$15.00,"//cdn.shopify.com/s/files/1/0513/3775/6828/files/Snail_Hydrogel_Mask_BAZAAR.jpg?v=1759391631,//cdn.shopify.com/s/files/1/0513/3775/6828/files/Snail_Hydrogel_Mask_01__2.jpg?v=1775196344,//cdn.shopify.com/s/files/1/0513/3775/6828/files/Snail_Hydrogel_Mask_02__4.jpg?v=1775196344,//cdn.shopify.com/s/files/1/0513/3775/6828/files/Snail_Hydrogel_Mask_05__3.jpg?v=1775196344,//cdn.shopify.com/s/files/1/0513/3775/6828/files/Snail_Hydrogel_Mask_06__2.jpg?v=1775196344,//cdn.shopify.com/s/files/1/0513/3775/6828/files/Snail_Hydrogel_Mask_07__2.jpg?v=1775196344,//cdn.shopify.com/s/files/1/0513/3775/6828/files/Snail_Hydrogel_Mask_08__2.jpg?v=1775196344,//cdn.shopify.com/s/files/1/0513/3775/6828/files/Snail_Hydrogel_Mask_09__2.jpg?v=1775196344,//cdn.shopify.com/s/files/1/0513/3775/6828/files/Snail_Hydrogel_Mask_10__2.jpg?v=1775196344,//cdn.shopify.com/s/files/1/0513/3775/6828/files/Snail_Hydrogel_Mask_11__2.jpg?v=1775196344,//cdn.shopify.com/s/files/1/0513/3775/6828/files/Snail_Hydrogel_Mask_12__2.jpg?v=1775196344,//cdn.shopify.com/s/files/1/0513/3775/6828/files/Snail_Hydrogel_Mask_14__2.jpg?v=1775196344,//cdn.shopify.com/s/files/1/0513/3775/6828/files/Snail_Hydrogel_Mask_15.jpg?v=1775196344,//cdn.shopify.com/s/files/1/0513/3775/6828/files/Snail_Hydrogel_Mask_16.jpg?v=1775196344,//cdn.shopify.com/s/files/1/0513/3775/6828/files/1_b033c958-e756-4b27-ba08-55ef9a5f0b87.png?v=1775196344,//cdn.shopify.com/s/files/1/0513/3775/6828/files/preview_images/973f5dc765a24697acf135016aaa93b2.thumbnail.0000000000_1024x.jpg?v=1733127476,//cdn.shopify.com/s/files/1/0513/3775/6828/files/preview_images/3c2a768e015f4503ae3e2d690478aeea.thumbnail.0000000000_1024x.jpg?v=1733127475,//cdn.shopify.com/s/files/1/0513/3775/6828/files/preview_images/a1c9b760b60e4946a53b49461fa7f81b.thumbnail.0000000000_1024x.jpg?v=1733127474","https://cdn.shopify.com/videos/c/vp/973f5dc765a24697acf135016aaa93b2/973f5dc765a24697acf135016aaa93b2.HD-720p-2.1Mbps-39056948.mp4,https://cdn.shopify.com/videos/c/vp/3c2a768e015f4503ae3e2d690478aeea/3c2a768e015f4503ae3e2d690478aeea.HD-720p-3.0Mbps-39056949.mp4,https://cdn.shopify.com/videos/c/vp/a1c9b760b60e4946a53b49461fa7f81b/a1c9b760b60e4946a53b49461fa7f81b.HD-720p-4.5Mbps-39056950.mp4",,
Full Fit Propolis Light Cream,$32.00,"//cdn.shopify.com/s/files/1/0513/3775/6828/files/FullfitCream_2type_800x1067_245c55aa-861b-4c7d-b3b9-98bf84de4415.jpg?v=1745370401,//cdn.shopify.com/s/files/1/0513/3775/6828/files/full-fit-propolis-light-cream-cosrx-official-2.jpg?v=1745370401,//cdn.shopify.com/s/files/1/0513/3775/6828/files/full-fit-propolis-light-cream-cosrx-official-3.jpg?v=1745370401,//cdn.shopify.com/s/files/1/0513/3775/6828/files/full-fit-propolis-light-cream-cosrx-official-4.jpg?v=1745370401,//cdn.shopify.com/s/files/1/0513/3775/6828/files/full-fit-propolis-light-cream-cosrx-official-5.jpg?v=1745370401,//cdn.shopify.com/s/files/1/0513/3775/6828/files/full-fit-propolis-light-cream-cosrx-official-6.jpg?v=1745370401,//cdn.shopify.com/s/files/1/0513/3775/6828/files/full-fit-propolis-light-cream-cosrx-official-7.jpg?v=1745370401,//cdn.shopify.com/s/files/1/0513/3775/6828/files/full-fit-propolis-light-cream-cosrx-official-8.jpg?v=1745370401,//cdn.shopify.com/s/files/1/0513/3775/6828/files/full-fit-propolis-light-cream-cosrx-official-9.jpg?v=1745370401,//cdn.shopify.com/s/files/1/0513/3775/6828/files/full-fit-propolis-light-cream-cosrx-official-10.jpg?v=1745370401,//cdn.shopify.com/s/files/1/0513/3775/6828/files/full-fit-propolis-light-cream-cosrx-official-1.jpg?v=1745370401,//cdn.shopify.com/s/files/1/0513/3775/6828/files/FullfitCream_Tube_800x1067_3fabfe0b-ee27-4afa-ba89-73b1cb05c6dc.jpg?v=1745370401",,,
BHA Blackhead Power Liquid,$17.50,"//cdn.shopify.com/s/files/1/0513/3775/6828/files/bha-blackhead-power-liquid-cosrx-official-1.jpg?v=1689840681,//cdn.shopify.com/s/files/1/0513/3775/6828/files/BHA_Blackhead_Toner_01_1.webp?v=1780904909,//cdn.shopify.com/s/files/1/0513/3775/6828/files/BHA_Blackhead_Toner_03_1.webp?v=1780904909,//cdn.shopify.com/s/files/1/0513/3775/6828/files/BHA_Blackhead_Toner_05_1.webp?v=1780904954,//cdn.shopify.com/s/files/1/0513/3775/6828/files/BHA_Blackhead_Toner_06_1.webp?v=1780904977,//cdn.shopify.com/s/files/1/0513/3775/6828/files/BHA_Blackhead_Toner_07_1.webp?v=1780904909,//cdn.shopify.com/s/files/1/0513/3775/6828/files/BHA_Blackhead_Toner_08.jpg?v=1783658778,//cdn.shopify.com/s/files/1/0513/3775/6828/files/BHA_Blackhead_Toner_09_1.webp?v=1780904909,//cdn.shopify.com/s/files/1/0513/3775/6828/files/BHA_Blackhead_Toner_10_1.webp?v=1780904909,//cdn.shopify.com/s/files/1/0513/3775/6828/files/preview_images/f04e43d59a654884b801465b3353f6e5.thumbnail.0000000000_1024x.jpg?v=1780904842,//cdn.shopify.com/s/files/1/0513/3775/6828/files/preview_images/e58775fd3a7f4c569bfd948593f83df4.thumbnail.0000000000_1024x.jpg?v=1780904842","https://cdn.shopify.com/videos/c/vp/f04e43d59a654884b801465b3353f6e5/f04e43d59a654884b801465b3353f6e5.HD-720p-2.1Mbps-85955619.mp4,https://cdn.shopify.com/videos/c/vp/e58775fd3a7f4c569bfd948593f83df4/e58775fd3a7f4c569bfd948593f83df4.HD-720p-1.6Mbps-85955618.mp4",,100ml / 3.38 fl. oz
Vitamin E Vitalizing Sunscreen SPF 50+,$23.00,"//cdn.shopify.com/s/files/1/0513/3775/6828/files/VitaminE_SunScreen_00.jpg?v=1778562098,//cdn.shopify.com/s/files/1/0513/3775/6828/files/VitaminE_Suncream_1_2.jpg?v=1721103764,//cdn.shopify.com/s/files/1/0513/3775/6828/files/vitamin-e-vitalizing-sunscreen-spf-50-cosrx-official-3.gif?v=1720086134,//cdn.shopify.com/s/files/1/0513/3775/6828/files/vitamin-e-vitalizing-sunscreen-spf-50-cosrx-official-4.jpg?v=1724836744,//cdn.shopify.com/s/files/1/0513/3775/6828/files/vitamin-e-vitalizing-sunscreen-spf-50-cosrx-official-5.jpg?v=1724836747,//cdn.shopify.com/s/files/1/0513/3775/6828/files/vitamin-e-vitalizing-sunscreen-spf-50-cosrx-official-6.jpg?v=1724836749,//cdn.shopify.com/s/files/1/0513/3775/6828/files/vitamin-e-vitalizing-sunscreen-spf-50-cosrx-official-7.jpg?v=1724836751,//cdn.shopify.com/s/files/1/0513/3775/6828/files/vitamin-e-vitalizing-sunscreen-spf-50-cosrx-official-8.jpg?v=1724836753,//cdn.shopify.com/s/files/1/0513/3775/6828/files/vitamin-e-vitalizing-sunscreen-spf-50-cosrx-official-9.jpg?v=1724836756,//cdn.shopify.com/s/files/1/0513/3775/6828/files/vitamin-e-vitalizing-sunscreen-spf-50-cosrx-official-10.jpg?v=1724836758,//cdn.shopify.com/s/files/1/0513/3775/6828/files/vitamin-e-vitalizing-sunscreen-spf-50-cosrx-official-11.jpg?v=1724836760,//cdn.shopify.com/s/files/1/0513/3775/6828/files/vitamin-e-vitalizing-sunscreen-spf-50-cosrx-official-12.jpg?v=1724836762,//cdn.shopify.com/s/files/1/0513/3775/6828/files/vitamin-e-vitalizing-sunscreen-spf-50-cosrx-official-13.jpg?v=1724836765",,,50mL / 1.69 fl. Oz
AC Collection Calming Foam Cleanser,$15.00,"//cdn.shopify.com/s/files/1/0513/3775/6828/files/ac-collection-calming-foam-cleanser-cosrx-official-1.jpg?v=1724835747,//cdn.shopify.com/s/files/1/0513/3775/6828/files/ac-collection-calming-foam-cleanser-cosrx-official-2.jpg?v=1724835749,//cdn.shopify.com/s/files/1/0513/3775/6828/files/ac-collection-calming-foam-cleanser-cosrx-official-3.jpg?v=1724835752,//cdn.shopify.com/s/files/1/0513/3775/6828/files/ac-collection-calming-foam-cleanser-cosrx-official-4.jpg?v=1724835754,//cdn.shopify.com/s/files/1/0513/3775/6828/files/ac-collection-calming-foam-cleanser-cosrx-official-5.jpg?v=1724835756,//cdn.shopify.com/s/files/1/0513/3775/6828/files/ac-collection-calming-foam-cleanser-cosrx-official-6.jpg?v=1724835758,//cdn.shopify.com/s/files/1/0513/3775/6828/files/ac-collection-calming-foam-cleanser-cosrx-official-7.jpg?v=1724835760,//cdn.shopify.com/s/files/1/0513/3775/6828/files/ac-collection-calming-foam-cleanser-cosrx-official-8.jpg?v=1724835762,//cdn.shopify.com/s/files/1/0513/3775/6828/files/ac-collection-calming-foam-cleanser-cosrx-official-9.jpg?v=1724835764,//cdn.shopify.com/s/files/1/0513/3775/6828/files/ac-collection-calming-foam-cleanser-cosrx-official-10.jpg?v=1724835766,//cdn.shopify.com/s/files/1/0513/3775/6828/files/ac-collection-calming-foam-cleanser-cosrx-official-11.jpg?v=1724835769",,,
The Ceramide Skin Barrier Moisturizing Mist,$24.00,"//cdn.shopify.com/s/files/1/0513/3775/6828/files/Skinbarrier_Mist_00_484b9ebd-d4b7-4386-9752-e56852ae7773.webp?v=1755070277,//cdn.shopify.com/s/files/1/0513/3775/6828/files/Skinbarrier_Mist_01__2.webp?v=1755070277,//cdn.shopify.com/s/files/1/0513/3775/6828/files/Skinbarrier_Mist_03__2.webp?v=1755070277,//cdn.shopify.com/s/files/1/0513/3775/6828/files/Skinbarrier_Mist_04__2.webp?v=1755070277,//cdn.shopify.com/s/files/1/0513/3775/6828/files/Skinbarrier_Mist_05__2.webp?v=1755070277,//cdn.shopify.com/s/files/1/0513/3775/6828/files/Skinbarrier_Mist_06.webp?v=1755070277,//cdn.shopify.com/s/files/1/0513/3775/6828/files/Skinbarrier_Mist_07.webp?v=1755070277,//cdn.shopify.com/s/files/1/0513/3775/6828/files/Skinbarrier_Mist_08__2.webp?v=1755070277,//cdn.shopify.com/s/files/1/0513/3775/6828/files/Skinbarrier_Mist_11__3.webp?v=1755070277,//cdn.shopify.com/s/files/1/0513/3775/6828/files/Skinbarrier_Mist_12__3.webp?v=1755070277,//cdn.shopify.com/s/files/1/0513/3775/6828/files/Skinbarrier_Mist_14__2.webp?v=1755070277,//cdn.shopify.com/s/files/1/0513/3775/6828/files/Skinbarrier_Mist_15.webp?v=1755070277,//cdn.shopify.com/s/files/1/0513/3775/6828/files/Skinbarrier_Mist_16__2.webp?v=1755070277,//cdn.shopify.com/s/files/1/0513/3775/6828/files/Skinbarrier_Mist_17.webp?v=1755070277,//cdn.shopify.com/s/files/1/0513/3775/6828/files/Skinbarrier_Mist_18.webp?v=1755070277,//cdn.shopify.com/s/files/1/0513/3775/6828/files/Skinbarrier_Mist_19.webp?v=1755070277,//cdn.shopify.com/s/files/1/0513/3775/6828/files/Skinbarrier_Mist_20__4.webp?v=1755070277,//cdn.shopify.com/s/files/1/0513/3775/6828/files/preview_images/731c3a07cc0e4ddd8039ffd9d9e88e43.thumbnail.0000000000_1024x.jpg?v=1755070213,//cdn.shopify.com/s/files/1/0513/3775/6828/files/preview_images/faccbfc84fbb4e7487fa8be7713b931d.thumbnail.0000000000_1024x.jpg?v=1755070212,//cdn.shopify.com/s/files/1/0513/3775/6828/files/preview_images/23ff180f3d5f4370b2e547904fe599eb.thumbnail.0000000000_1024x.jpg?v=1755070213,//cdn.shopify.com/s/files/1/0513/3775/6828/files/preview_images/f1023826d93f4327a0e12f23dab9c32c.thumbnail.0000000000_1024x.jpg?v=1755070218","https://cdn.shopify.com/videos/c/vp/731c3a07cc0e4ddd8039ffd9d9e88e43/731c3a07cc0e4ddd8039ffd9d9e88e43.HD-720p-3.0Mbps-54801391.mp4,https://cdn.shopify.com/videos/c/vp/faccbfc84fbb4e7487fa8be7713b931d/faccbfc84fbb4e7487fa8be7713b931d.HD-720p-1.6Mbps-54801392.mp4,https://cdn.shopify.com/videos/c/vp/23ff180f3d5f4370b2e547904fe599eb/23ff180f3d5f4370b2e547904fe599eb.HD-720p-1.6Mbps-54801389.mp4,https://cdn.shopify.com/videos/c/vp/f1023826d93f4327a0e12f23dab9c32c/f1023826d93f4327a0e12f23dab9c32c.HD-720p-4.5Mbps-54801390.mp4",,120 mL / 4.06 fl oz
Balancium Comfort Ceramide Cream,$26.00,"//cdn.shopify.com/s/files/1/0513/3775/6828/files/balancium-comfort-ceramide-cream-cosrx-official-1.jpg?v=1724836862,//cdn.shopify.com/s/files/1/0513/3775/6828/files/balancium-comfort-ceramide-cream-cosrx-official-2.jpg?v=1724836864,//cdn.shopify.com/s/files/1/0513/3775/6828/files/balancium-comfort-ceramide-cream-cosrx-official-3.jpg?v=1724836866,//cdn.shopify.com/s/files/1/0513/3775/6828/files/balancium-comfort-ceramide-cream-cosrx-official-4.jpg?v=1724836868,//cdn.shopify.com/s/files/1/0513/3775/6828/files/balancium-comfort-ceramide-cream-cosrx-official-5.jpg?v=1724836870,//cdn.shopify.com/s/files/1/0513/3775/6828/files/balancium-comfort-ceramide-cream-cosrx-official-6.jpg?v=1724836872,//cdn.shopify.com/s/files/1/0513/3775/6828/files/balancium-comfort-ceramide-cream-cosrx-official-7.jpg?v=1724836874",,,2.82 oz / 80g
COSRX PDRN EXOSOME Skinplaning Glaze Mask,$17.00,"//cdn.shopify.com/s/files/1/0513/3775/6828/files/12_2c3d39b6-d732-43ac-aaeb-7ba00d005802.jpg?v=1789115233,//cdn.shopify.com/s/files/1/0513/3775/6828/files/PDRN_Exosome_mask_01__3.webp?v=1770886507,//cdn.shopify.com/s/files/1/0513/3775/6828/files/PDRN_Exosome_mask_02.webp?v=1770886507,//cdn.shopify.com/s/files/1/0513/3775/6828/files/PDRN_Exosome_mask_03.webp?v=1770886507,//cdn.shopify.com/s/files/1/0513/3775/6828/files/PDRN_Exosome_mask_04.webp?v=1770886507,//cdn.shopify.com/s/files/1/0513/3775/6828/files/PDRN_Exosome_mask_05.webp?v=1770886507,//cdn.shopify.com/s/files/1/0513/3775/6828/files/PDRN_Exosome_mask_06_629c87ce-4346-4c50-87b8-5e65d9f94516.webp?v=1770886507,//cdn.shopify.com/s/files/1/0513/3775/6828/files/PDRN_Exosome_mask_07.webp?v=1770886507,//cdn.shopify.com/s/files/1/0513/3775/6828/files/PDRN_Exosome_mask_08.webp?v=1770886507,//cdn.shopify.com/s/files/1/0513/3775/6828/files/PDRN_Exosome_mask_09.webp?v=1770886507,//cdn.shopify.com/s/files/1/0513/3775/6828/files/PDRN_Exosome_mask_10.webp?v=1770886507,//cdn.shopify.com/s/files/1/0513/3775/6828/files/PDRN_Exosome_mask_11.webp?v=1770886507,//cdn.shopify.com/s/files/1/0513/3775/6828/files/PDRN_Exosome_mask_12.webp?v=1770886507,//cdn.shopify.com/s/files/1/0513/3775/6828/files/PDRN_Exosome_mask_13.webp?v=1770886507,//cdn.shopify.com/s/files/1/0513/3775/6828/files/PDRN_Exosome_mask_14.webp?v=1770886507,//cdn.shopify.com/s/files/1/0513/3775/6828/files/PDRN_Exosome_mask_15.webp?v=1770886507,//cdn.shopify.com/s/files/1/0513/3775/6828/files/PDRN_Exosome_mask_16.webp?v=1770886507",,,50 mL / 1.69 fl oz
Advanced Snail Peptide Eye Cream,$28.00,"//cdn.shopify.com/s/files/1/0513/3775/6828/files/advanced-snail-peptide-eye-cream-cosrx-official-1.png?v=1724835637,//cdn.shopify.com/s/files/1/0513/3775/6828/files/SnailEyecream_01.webp?v=1778476464,//cdn.shopify.com/s/files/1/0513/3775/6828/files/SnailEyecream_04.webp?v=1778476464,//cdn.shopify.com/s/files/1/0513/3775/6828/files/SnailEyecream_05.webp?v=1778476464,//cdn.shopify.com/s/files/1/0513/3775/6828/files/SnailEyecream_06.webp?v=1778476464,//cdn.shopify.com/s/files/1/0513/3775/6828/files/SnailEyecream_07.webp?v=1778476464,//cdn.shopify.com/s/files/1/0513/3775/6828/files/SnailEyecream_08.webp?v=1778476464,//cdn.shopify.com/s/files/1/0513/3775/6828/files/preview_images/7a5de64d4d1b4d7eac1c47652bf66391.thumbnail.0000000000_1024x.jpg?v=1778476489,//cdn.shopify.com/s/files/1/0513/3775/6828/files/preview_images/3e9ae86ba5bf42198cff683ae629c659.thumbnail.0000000000_1024x.jpg?v=1778476482","https://cdn.shopify.com/videos/c/vp/7a5de64d4d1b4d7eac1c47652bf66391/7a5de64d4d1b4d7eac1c47652bf66391.HD-720p-4.5Mbps-83823206.mp4,https://cdn.shopify.com/videos/c/vp/3e9ae86ba5bf42198cff683ae629c659/3e9ae86ba5bf42198cff683ae629c659.HD-720p-1.6Mbps-83823205.mp4",,25ml / 0.85 fl. oz
COSRX The Peptide Collagen Lifting Glow Hydrogel Mask,$15.00,"//cdn.shopify.com/s/files/1/0513/3775/6828/files/Peptide_Hydrogel_Mask_00.webp?v=1749777658,//cdn.shopify.com/s/files/1/0513/3775/6828/files/Peptide_Hydrogel_Mask_02_160c1dea-715a-4437-82c1-9dcfe8a265f6.webp?v=1780289432,//cdn.shopify.com/s/files/1/0513/3775/6828/files/Peptide_Hydrogel_Mask_03.webp?v=1746780112,//cdn.shopify.com/s/files/1/0513/3775/6828/files/Peptide_Hydrogel_Mask_05_9bb486f6-9873-46b9-b16f-7c88eb905a85.webp?v=1780289431,//cdn.shopify.com/s/files/1/0513/3775/6828/files/Peptide_Hydrogel_Mask_07_5cf05402-4b13-4598-a45f-7f2f21fec5b4.webp?v=1780289431,//cdn.shopify.com/s/files/1/0513/3775/6828/files/Peptide_Hydrogel_Mask_08.webp?v=1746780161,//cdn.shopify.com/s/files/1/0513/3775/6828/files/Peptide_Hydrogel_Mask_09_1b39fae7-6cb4-4fdb-8556-592100de417a.webp?v=1780289431,//cdn.shopify.com/s/files/1/0513/3775/6828/files/Peptide_Hydrogel_Mask_10.webp?v=1746780161,//cdn.shopify.com/s/files/1/0513/3775/6828/files/Peptide_Hydrogel_Mask_11.webp?v=1746780161,//cdn.shopify.com/s/files/1/0513/3775/6828/files/Peptide_Hydrogel_Mask_12.webp?v=1746780161,//cdn.shopify.com/s/files/1/0513/3775/6828/files/Peptide_Hydrogel_Mask_13.webp?v=1746780161,//cdn.shopify.com/s/files/1/0513/3775/6828/files/Peptide_Hydrogel_Mask_14.webp?v=1746780161,//cdn.shopify.com/s/files/1/0513/3775/6828/files/Peptide_Hydrogel_Mask_15__2.webp?v=1780289431,//cdn.shopify.com/s/files/1/0513/3775/6828/files/Peptide_Hydrogel_Mask_16_21473bae-573f-475d-bdde-11b04906bd9d.webp?v=1780289432,//cdn.shopify.com/s/files/1/0513/3775/6828/files/Peptide_Hydrogel_Mask_17.webp?v=1746780161,//cdn.shopify.com/s/files/1/0513/3775/6828/files/5PDRN_Hydrogel_Mask_21.webp?v=1775194995,//cdn.shopify.com/s/files/1/0513/3775/6828/files/Peptide_Hydrogel_Mask_19.webp?v=1746780161,//cdn.shopify.com/s/files/1/0513/3775/6828/files/Peptide_Hydrogel_Mask_20_f85c2e12-15f9-423f-818b-f47490d7bd22.webp?v=1780289431,//cdn.shopify.com/s/files/1/0513/3775/6828/files/250407_HydrogelMask4441_R1.webp?v=1754898195,//cdn.shopify.com/s/files/1/0513/3775/6828/files/preview_images/99bf6226da5344929392bee0dd835531.thumbnail.0000000000_1024x.jpg?v=1780289268,//cdn.shopify.com/s/files/1/0513/3775/6828/files/preview_images/1d24e9b0bd5e429aad34481a357d6119.thumbnail.0000000000_1024x.jpg?v=1780289274,//cdn.shopify.com/s/files/1/0513/3775/6828/files/preview_images/22ecb44d55114e39b90594cfac5447d1.thumbnail.0000000000_1024x.jpg?v=1780289268","https://cdn.shopify.com/videos/c/vp/99bf6226da5344929392bee0dd835531/99bf6226da5344929392bee0dd835531.HD-720p-1.6Mbps-85386393.mp4,https://cdn.shopify.com/videos/c/vp/1d24e9b0bd5e429aad34481a357d6119/1d24e9b0bd5e429aad34481a357d6119.HD-720p-3.0Mbps-85386394.mp4,https://cdn.shopify.com/videos/c/vp/22ecb44d55114e39b90594cfac5447d1/22ecb44d55114e39b90594cfac5447d1.HD-720p-1.6Mbps-85386395.mp4",,
Oil-Free Ultra-Moisturizing Lotion with Birch Sap,$25.00,"//cdn.shopify.com/s/files/1/0513/3775/6828/files/oil-free-ultra-moisturizing-lotion-with-birch-sap-cosrx-official-1.png?v=1724836818,//cdn.shopify.com/s/files/1/0513/3775/6828/files/oil-free-ultra-moisturizing-lotion-with-birch-sap-cosrx-official-2.jpg?v=1724836820,//cdn.shopify.com/s/files/1/0513/3775/6828/files/oil-free-ultra-moisturizing-lotion-with-birch-sap-cosrx-official-3.jpg?v=1724836822,//cdn.shopify.com/s/files/1/0513/3775/6828/files/oil-free-ultra-moisturizing-lotion-with-birch-sap-cosrx-official-4.jpg?v=1724836824,//cdn.shopify.com/s/files/1/0513/3775/6828/files/oil-free-ultra-moisturizing-lotion-with-birch-sap-cosrx-official-5.jpg?v=1724836826,//cdn.shopify.com/s/files/1/0513/3775/6828/files/oil-free-ultra-moisturizing-lotion-with-birch-sap-cosrx-official-6.jpg?v=1724836828,//cdn.shopify.com/s/files/1/0513/3775/6828/files/oil-free-ultra-moisturizing-lotion-with-birch-sap-cosrx-official-7.jpg?v=1724836830,//cdn.shopify.com/s/files/1/0513/3775/6828/files/oil-free-ultra-moisturizing-lotion-with-birch-sap-cosrx-official-8.jpg?v=1724836832",,,3.38 fl. oz / 100ml
AC Collection Calming Liquid Mild,$26.00,"//cdn.shopify.com/s/files/1/0513/3775/6828/files/ac-collection-calming-liquid-mild-cosrx-official-1.jpg?v=1724836561,//cdn.shopify.com/s/files/1/0513/3775/6828/files/ac-collection-calming-liquid-mild-cosrx-official-2.jpg?v=1724836563,//cdn.shopify.com/s/files/1/0513/3775/6828/files/ac-collection-calming-liquid-mild-cosrx-official-3.jpg?v=1724836565,//cdn.shopify.com/s/files/1/0513/3775/6828/files/ac-collection-calming-liquid-mild-cosrx-official-4.jpg?v=1724836567,//cdn.shopify.com/s/files/1/0513/3775/6828/files/ac-collection-calming-liquid-mild-cosrx-official-5.jpg?v=1724836569",,,
Pure Fit Cica Clear Cleansing Oil,$29.00,"//cdn.shopify.com/s/files/1/0513/3775/6828/files/pure-fit-cica-clear-cleansing-oil-cosrx-official-1.jpg?v=1724836229,//cdn.shopify.com/s/files/1/0513/3775/6828/files/pure-fit-cica-clear-cleansing-oil-cosrx-official-2.jpg?v=1724836231,//cdn.shopify.com/s/files/1/0513/3775/6828/files/pure-fit-cica-clear-cleansing-oil-cosrx-official-3.jpg?v=1724836233,//cdn.shopify.com/s/files/1/0513/3775/6828/files/pure-fit-cica-clear-cleansing-oil-cosrx-official-4.jpg?v=1724836235,//cdn.shopify.com/s/files/1/0513/3775/6828/files/pure-fit-cica-clear-cleansing-oil-cosrx-official-5.jpg?v=1724836237",,,
Refresh ABC Daily Toner (AHA BHA Vitamin C),$11.00,"//cdn.shopify.com/s/files/1/0513/3775/6828/files/refresh-abc-daily-toner-aha-bha-vitamin-c-cosrx-official-1.jpg?v=1724835175,//cdn.shopify.com/s/files/1/0513/3775/6828/files/refresh-abc-daily-toner-aha-bha-vitamin-c-cosrx-official-2.jpg?v=1771984847,//cdn.shopify.com/s/files/1/0513/3775/6828/files/refresh-abc-daily-toner-aha-bha-vitamin-c-cosrx-official-3.jpg?v=1771984847,//cdn.shopify.com/s/files/1/0513/3775/6828/files/refresh-abc-daily-toner-aha-bha-vitamin-c-cosrx-official-4.jpg?v=1771984847,//cdn.shopify.com/s/files/1/0513/3775/6828/files/refresh-abc-daily-toner-aha-bha-vitamin-c-cosrx-official-5.jpg?v=1771984847,//cdn.shopify.com/s/files/1/0513/3775/6828/files/refresh-abc-daily-toner-aha-bha-vitamin-c-cosrx-official-6.jpg?v=1771984847,//cdn.shopify.com/s/files/1/0513/3775/6828/files/refresh-abc-daily-toner-aha-bha-vitamin-c-cosrx-official-7.jpg?v=1771984847,//cdn.shopify.com/s/files/1/0513/3775/6828/files/refresh-abc-daily-toner-aha-bha-vitamin-c-cosrx-official-8.jpg?v=1724835192,//cdn.shopify.com/s/files/1/0513/3775/6828/files/refresh-abc-daily-toner-aha-bha-vitamin-c-cosrx-official-9.jpg?v=1771984847",,,
AC Collection Lightweight Soothing Moisturizer,$19.00,"//cdn.shopify.com/s/files/1/0513/3775/6828/files/ac-collection-lightweight-soothing-moisturizer-cosrx-official-1.jpg?v=1724835868,//cdn.shopify.com/s/files/1/0513/3775/6828/files/ac-collection-lightweight-soothing-moisturizer-cosrx-official-2.jpg?v=1724835870,//cdn.shopify.com/s/files/1/0513/3775/6828/files/ac-collection-lightweight-soothing-moisturizer-cosrx-official-3.jpg?v=1724835873,//cdn.shopify.com/s/files/1/0513/3775/6828/files/ac-collection-lightweight-soothing-moisturizer-cosrx-official-4.jpg?v=1724835874,//cdn.shopify.com/s/files/1/0513/3775/6828/files/ac-collection-lightweight-soothing-moisturizer-cosrx-official-5.jpg?v=1724835876,//cdn.shopify.com/s/files/1/0513/3775/6828/files/ac-collection-lightweight-soothing-moisturizer-cosrx-official-6.jpg?v=1724835878,//cdn.shopify.com/s/files/1/0513/3775/6828/files/ac-collection-lightweight-soothing-moisturizer-cosrx-official-7.jpg?v=1724835880,//cdn.shopify.com/s/files/1/0513/3775/6828/files/ac-collection-lightweight-soothing-moisturizer-cosrx-official-8.jpg?v=1724835882,//cdn.shopify.com/s/files/1/0513/3775/6828/files/ac-collection-lightweight-soothing-moisturizer-cosrx-official-9.jpg?v=1724835884,//cdn.shopify.com/s/files/1/0513/3775/6828/files/ac-collection-lightweight-soothing-moisturizer-cosrx-official-10.jpg?v=1724835886,//cdn.shopify.com/s/files/1/0513/3775/6828/files/ac-collection-lightweight-soothing-moisturizer-cosrx-official-11.jpg?v=1724835888",,,
The AHA 2 BHA 2 Blemish Treatment Serum,$23.00,"//cdn.shopify.com/s/files/1/0513/3775/6828/files/AHA2BHA2_Treatment_00_0ee6119d-bd30-4aa2-b7f6-3ecf59cc7151.jpg?v=1778462937,//cdn.shopify.com/s/files/1/0513/3775/6828/files/AHA2BHA2_Treatment_04_0b5b66c2-5252-4a11-a604-75705472830f.jpg?v=1778061970,//cdn.shopify.com/s/files/1/0513/3775/6828/files/AHA2BHA2_Blemish_03__2.jpg?v=1741592927,//cdn.shopify.com/s/files/1/0513/3775/6828/files/AHA2BHA2_Blemish_05_2.jpg?v=1741592927,//cdn.shopify.com/s/files/1/0513/3775/6828/files/AHA2BHA2_Treatment_06_63af588a-be9d-4c24-be82-41c6e3bd1b51.jpg?v=1778061970,//cdn.shopify.com/s/files/1/0513/3775/6828/files/AHA2BHA2_Treatment_07_c12b7fb6-f951-4463-b662-367ac4e9ab9d.jpg?v=1778061971,//cdn.shopify.com/s/files/1/0513/3775/6828/files/AHA2BHA2_Treatment_09_b0cb800f-c5ac-4df8-94cd-1d216c7dbc44.jpg?v=1778061970,//cdn.shopify.com/s/files/1/0513/3775/6828/files/AHA2BHA2_Blemish_11_2.jpg?v=1741592927,//cdn.shopify.com/s/files/1/0513/3775/6828/files/AHA2BHA2_Treatment_10_fe0dd321-4e5a-45a5-9707-7ecbd65486c6.jpg?v=1778061970,//cdn.shopify.com/s/files/1/0513/3775/6828/files/AHA2BHA2_Blemish_12_2.jpg?v=1741592927,//cdn.shopify.com/s/files/1/0513/3775/6828/files/AHA2BHA2_Treatment_11_2c7b4470-0cf8-4b41-9dce-da4c1b9fea81.jpg?v=1778061970,//cdn.shopify.com/s/files/1/0513/3775/6828/files/AHA2BHA2_Blemish_14_2.jpg?v=1741592927,//cdn.shopify.com/s/files/1/0513/3775/6828/files/preview_images/e8eddf2982f74556a14c3a4d1a0b7f78.thumbnail.0000000000_1024x.jpg?v=1721091873,//cdn.shopify.com/s/files/1/0513/3775/6828/files/preview_images/9a67d1c7c7b24d3980b75b698287ff0b.thumbnail.0000000000_1024x.jpg?v=1717727161","https://cdn.shopify.com/videos/c/vp/e8eddf2982f74556a14c3a4d1a0b7f78/e8eddf2982f74556a14c3a4d1a0b7f78.HD-720p-4.5Mbps-31812737.mp4,https://cdn.shopify.com/videos/c/vp/9a67d1c7c7b24d3980b75b698287ff0b/9a67d1c7c7b24d3980b75b698287ff0b.HD-720p-3.0Mbps-30138569.mp4",,
AC Collection Acne Patch,$8.00,"//cdn.shopify.com/s/files/1/0513/3775/6828/files/ac-collection-acne-patch-cosrx-official-1.jpg?v=1724835837,//cdn.shopify.com/s/files/1/0513/3775/6828/files/ac-collection-acne-patch-cosrx-official-2.jpg?v=1724835839,//cdn.shopify.com/s/files/1/0513/3775/6828/files/ac-collection-acne-patch-cosrx-official-3.jpg?v=1724835841,//cdn.shopify.com/s/files/1/0513/3775/6828/files/ac-collection-acne-patch-cosrx-official-4.jpg?v=1724835843,//cdn.shopify.com/s/files/1/0513/3775/6828/files/ac-collection-acne-patch-cosrx-official-5.jpg?v=1724835846,//cdn.shopify.com/s/files/1/0513/3775/6828/files/ac-collection-acne-patch-cosrx-official-6.jpg?v=1724835848,//cdn.shopify.com/s/files/1/0513/3775/6828/files/ac-collection-acne-patch-cosrx-official-7.jpg?v=1724835850,//cdn.shopify.com/s/files/1/0513/3775/6828/files/800x1067__ac__231120.webp?v=1724835852",,,
Ultimate Nourishing Rice Overnight Spa Mask,$18.00,"//cdn.shopify.com/s/files/1/0513/3775/6828/files/ultimate-nourishing-rice-overnight-spa-mask-cosrx-official-1.jpg?v=1724836096,//cdn.shopify.com/s/files/1/0513/3775/6828/files/800x1067_1.webp?v=1778477900,//cdn.shopify.com/s/files/1/0513/3775/6828/files/800x1067_2.webp?v=1778477900,//cdn.shopify.com/s/files/1/0513/3775/6828/files/800x1067_3.webp?v=1778477900,//cdn.shopify.com/s/files/1/0513/3775/6828/files/800x1067_4.webp?v=1778477900,//cdn.shopify.com/s/files/1/0513/3775/6828/files/800x1067_5.webp?v=1778477900,//cdn.shopify.com/s/files/1/0513/3775/6828/files/800x1067_6.webp?v=1778477900",,,60ml / 2.02 fl. oz
Centella Water Alcohol-Free Toner,$17.00,"//cdn.shopify.com/s/files/1/0513/3775/6828/files/centella-water-alcohol-free-toner-cosrx-official-1.jpg?v=1724835527,//cdn.shopify.com/s/files/1/0513/3775/6828/files/centella-water-alcohol-free-toner-cosrx-official-2.jpg?v=1724835530,//cdn.shopify.com/s/files/1/0513/3775/6828/files/centella-water-alcohol-free-toner-cosrx-official-3.jpg?v=1724835532",,,150ml / 5.07 fl. oz
Hydrium Triple Hyaluronic Moisturizing Cleanser,$18.00,"//cdn.shopify.com/s/files/1/0513/3775/6828/files/hydrium-triple-hyaluronic-moisturizing-cleanser-cosrx-official-1.jpg?v=1724836058,//cdn.shopify.com/s/files/1/0513/3775/6828/files/hydrium-triple-hyaluronic-moisturizing-cleanser-cosrx-official-2.jpg?v=1724836060,//cdn.shopify.com/s/files/1/0513/3775/6828/files/hydrium-triple-hyaluronic-moisturizing-cleanser-cosrx-official-3.jpg?v=1724836062,//cdn.shopify.com/s/files/1/0513/3775/6828/files/hydrium-triple-hyaluronic-moisturizing-cleanser-cosrx-official-4.jpg?v=1724836064,//cdn.shopify.com/s/files/1/0513/3775/6828/files/hydrium-triple-hyaluronic-moisturizing-cleanser-cosrx-official-5.jpg?v=1724836066,//cdn.shopify.com/s/files/1/0513/3775/6828/files/hydrium-triple-hyaluronic-moisturizing-cleanser-cosrx-official-6.jpg?v=1724836069,//cdn.shopify.com/s/files/1/0513/3775/6828/files/hydrium-triple-hyaluronic-moisturizing-cleanser-cosrx-official-7.jpg?v=1724836071,//cdn.shopify.com/s/files/1/0513/3775/6828/files/hydrium-triple-hyaluronic-moisturizing-cleanser-cosrx-official-8.jpg?v=1724836073,//cdn.shopify.com/s/files/1/0513/3775/6828/files/hydrium-triple-hyaluronic-moisturizing-cleanser-cosrx-official-9.jpg?v=1724836075,//cdn.shopify.com/s/files/1/0513/3775/6828/files/hydrium-triple-hyaluronic-moisturizing-cleanser-cosrx-official-10.jpg?v=1724836077",,,
Lip Scrub - Full Fit Honey Sugar Lip Scrub,$19.00,"//cdn.shopify.com/s/files/1/0513/3775/6828/files/lip-scrub-full-fit-honey-sugar-lip-scrub-cosrx-official-1.jpg?v=1724836318,//cdn.shopify.com/s/files/1/0513/3775/6828/files/lip-scrub-full-fit-honey-sugar-lip-scrub-cosrx-official-2.jpg?v=1724836321,//cdn.shopify.com/s/files/1/0513/3775/6828/files/lip-scrub-full-fit-honey-sugar-lip-scrub-cosrx-official-3.jpg?v=1724836323,//cdn.shopify.com/s/files/1/0513/3775/6828/files/lip-scrub-full-fit-honey-sugar-lip-scrub-cosrx-official-4.jpg?v=1724836325,//cdn.shopify.com/s/files/1/0513/3775/6828/files/lip-scrub-full-fit-honey-sugar-lip-scrub-cosrx-official-5.jpg?v=1724836327,//cdn.shopify.com/s/files/1/0513/3775/6828/files/lip-scrub-full-fit-honey-sugar-lip-scrub-cosrx-official-6.jpg?v=1724836329",,,0.70 fl.oz / 20g
Galactomyces 95 Tone Balancing Essence,$24.00,"//cdn.shopify.com/s/files/1/0513/3775/6828/files/galactomyces-95-tone-balancing-essence-cosrx-official-1.jpg?v=1724835413,//cdn.shopify.com/s/files/1/0513/3775/6828/files/galactomyces-95-tone-balancing-essence-cosrx-official-2.png?v=1724835416,//cdn.shopify.com/s/files/1/0513/3775/6828/files/galactomyces-95-tone-balancing-essence-cosrx-official-3.png?v=1724835418,//cdn.shopify.com/s/files/1/0513/3775/6828/files/galactomyces-95-tone-balancing-essence-cosrx-official-4.png?v=1724835421,//cdn.shopify.com/s/files/1/0513/3775/6828/files/galactomyces-95-tone-balancing-essence-cosrx-official-5.png?v=1724835423",,,3.38 fl.oz / 100mL
Hyaluronic Acid Hydra Power Essence,$25.00,"//cdn.shopify.com/s/files/1/0513/3775/6828/files/hyaluronic-acid-hydra-power-essence-cosrx-official-1.jpg?v=1724835383,//cdn.shopify.com/s/files/1/0513/3775/6828/files/hyaluronic-acid-hydra-power-essence-cosrx-official-2.jpg?v=1724835385,//cdn.shopify.com/s/files/1/0513/3775/6828/files/hyaluronic-acid-hydra-power-essence-cosrx-official-3.jpg?v=1724835388,//cdn.shopify.com/s/files/1/0513/3775/6828/files/hyaluronic-acid-hydra-power-essence-cosrx-official-4.jpg?v=1724835390,//cdn.shopify.com/s/files/1/0513/3775/6828/files/hyaluronic-acid-hydra-power-essence-cosrx-official-5.jpg?v=1724835392,//cdn.shopify.com/s/files/1/0513/3775/6828/files/800x1067____231120_9c18dd40-19ac-413d-a55f-d90299ee61fc.webp?v=1704429290",,,3.38 fl.oz / 100mL
Poreless Clarifying Charcoal Mask Pink,$19.00,"//cdn.shopify.com/s/files/1/0513/3775/6828/files/poreless-clarifying-charcoal-mask-pink-cosrx-official-1.jpg?v=1724836344,//cdn.shopify.com/s/files/1/0513/3775/6828/files/poreless-clarifying-charcoal-mask-pink-cosrx-official-2.jpg?v=1724836346,//cdn.shopify.com/s/files/1/0513/3775/6828/files/poreless-clarifying-charcoal-mask-pink-cosrx-official-3.jpg?v=1724836349,//cdn.shopify.com/s/files/1/0513/3775/6828/files/poreless-clarifying-charcoal-mask-pink-cosrx-official-4.jpg?v=1724836351,//cdn.shopify.com/s/files/1/0513/3775/6828/files/poreless-clarifying-charcoal-mask-pink-cosrx-official-5.jpg?v=1724836353,//cdn.shopify.com/s/files/1/0513/3775/6828/files/poreless-clarifying-charcoal-mask-pink-cosrx-official-6.jpg?v=1724836355,//cdn.shopify.com/s/files/1/0513/3775/6828/files/poreless-clarifying-charcoal-mask-pink-cosrx-official-7.jpg?v=1724836357,//cdn.shopify.com/s/files/1/0513/3775/6828/files/poreless-clarifying-charcoal-mask-pink-cosrx-official-8.jpg?v=1724836359,//cdn.shopify.com/s/files/1/0513/3775/6828/files/poreless-clarifying-charcoal-mask-pink-cosrx-official-9.jpg?v=1724836361,//cdn.shopify.com/s/files/1/0513/3775/6828/files/poreless-clarifying-charcoal-mask-pink-cosrx-official-10.jpg?v=1724836364,//cdn.shopify.com/s/files/1/0513/3775/6828/files/poreless-clarifying-charcoal-mask-pink-cosrx-official-11.jpg?v=1724836366,//cdn.shopify.com/s/files/1/0513/3775/6828/files/poreless-clarifying-charcoal-mask-pink-cosrx-official-12.jpg?v=1724836368",,,3.80 fl.oz / 110g
One Step Original Clear Pad,$22.00,"//cdn.shopify.com/s/files/1/0513/3775/6828/files/Original_Pad_0.jpg?v=1694078299,//cdn.shopify.com/s/files/1/0513/3775/6828/files/Original_Pad_1.jpg?v=1694078301,//cdn.shopify.com/s/files/1/0513/3775/6828/files/Original_Pad_2.jpg?v=1724836720,//cdn.shopify.com/s/files/1/0513/3775/6828/files/Original_Pad_3.jpg?v=1694078305,//cdn.shopify.com/s/files/1/0513/3775/6828/files/Original_Pad_4.jpg?v=1694078307,//cdn.shopify.com/s/files/1/0513/3775/6828/files/Original_Pad_5.jpg?v=1694078308,//cdn.shopify.com/s/files/1/0513/3775/6828/files/Original_Pad_6.jpg?v=1724836728,//cdn.shopify.com/s/files/1/0513/3775/6828/files/Original_Pad_7.jpg?v=1694078312,//cdn.shopify.com/s/files/1/0513/3775/6828/files/Original_Pad_8.jpg?v=1694078314,//cdn.shopify.com/s/files/1/0513/3775/6828/files/Original_Pad_9.jpg?v=1724836734,//cdn.shopify.com/s/files/1/0513/3775/6828/files/Original_Pad_10.jpg?v=1724836736,//cdn.shopify.com/s/files/1/0513/3775/6828/files/Original_Pad_11.jpg?v=1724836738",,,
Master Patch Intensive [36ea],$12.00,"//cdn.shopify.com/s/files/1/0513/3775/6828/files/master-patch-intensive-36ea-cosrx-official-1.jpg?v=1724836510,//cdn.shopify.com/s/files/1/0513/3775/6828/files/master-patch-intensive-36ea-cosrx-official-2.jpg?v=1724836512,//cdn.shopify.com/s/files/1/0513/3775/6828/files/master-patch-intensive-36ea-cosrx-official-3.jpg?v=1724836514,//cdn.shopify.com/s/files/1/0513/3775/6828/files/master-patch-intensive-36ea-cosrx-official-4.jpg?v=1724836517,//cdn.shopify.com/s/files/1/0513/3775/6828/files/master-patch-intensive-36ea-cosrx-official-5.jpg?v=1724836519,//cdn.shopify.com/s/files/1/0513/3775/6828/files/master-patch-intensive-36ea-cosrx-official-6.png?v=1724836522,//cdn.shopify.com/s/files/1/0513/3775/6828/files/master-patch-intensive-36ea-cosrx-official-7.png?v=1724836525,//cdn.shopify.com/s/files/1/0513/3775/6828/products/cc86c389469341d48d68841c445d2183.thumbnail.0000000_1024x.jpg?v=1638247400",https://cdn.shopify.com/videos/c/vp/cc86c389469341d48d68841c445d2183/cc86c389469341d48d68841c445d2183.HD-720p-2.1Mbps.mp4,,13*9mm & 16*11mm (36 patches)
Master Patch Basic [36ea],$12.00,"//cdn.shopify.com/s/files/1/0513/3775/6828/files/master-patch-basic-36ea-cosrx-official-1.jpg?v=1724836449,//cdn.shopify.com/s/files/1/0513/3775/6828/files/master-patch-basic-36ea-cosrx-official-2.jpg?v=1724836451,//cdn.shopify.com/s/files/1/0513/3775/6828/files/master-patch-basic-36ea-cosrx-official-3.jpg?v=1724836453,//cdn.shopify.com/s/files/1/0513/3775/6828/files/master-patch-basic-36ea-cosrx-official-4.jpg?v=1724836455,//cdn.shopify.com/s/files/1/0513/3775/6828/files/master-patch-basic-36ea-cosrx-official-5.jpg?v=1724836457,//cdn.shopify.com/s/files/1/0513/3775/6828/files/master-patch-basic-36ea-cosrx-official-6.png?v=1724836460,//cdn.shopify.com/s/files/1/0513/3775/6828/files/master-patch-basic-36ea-cosrx-official-7.png?v=1724836463,//cdn.shopify.com/s/files/1/0513/3775/6828/products/0b05e986864f4ef098e6f6127c29cb8b.thumbnail.0000000_1024x.jpg?v=1638247379",https://cdn.shopify.com/videos/c/vp/0b05e986864f4ef098e6f6127c29cb8b/0b05e986864f4ef098e6f6127c29cb8b.HD-720p-2.1Mbps.mp4,,12mm Patches (36ea)
COSRX The Alpha-Arbutin Discoloration Care Hydrogel Mask,$15.00,"//cdn.shopify.com/s/files/1/0513/3775/6828/files/Alpha-Arbutin_Hydroge_Mask_00.webp?v=1749692231,//cdn.shopify.com/s/files/1/0513/3775/6828/files/Alpha-Arbutin_Hydrogel_Mask_02.webp?v=1746779815,//cdn.shopify.com/s/files/1/0513/3775/6828/files/Alpha-Arbutin_Hydrogel_Mask_03.webp?v=1747299320,//cdn.shopify.com/s/files/1/0513/3775/6828/files/Alpha-Arbutin_Hydrogel_Mask_05.webp?v=1747299320,//cdn.shopify.com/s/files/1/0513/3775/6828/files/Alpha-Arbutin_Hydrogel_Mask_06.webp?v=1747299320,//cdn.shopify.com/s/files/1/0513/3775/6828/files/Alpha-Arbutin_Hydrogel_Mask_07.jpg?v=1747299320,//cdn.shopify.com/s/files/1/0513/3775/6828/files/Alpha-Arbutin_Hydrogel_Mask_08_0cf2917c-8cbf-419c-abe0-5b211abc30f3.jpg?v=1747616658,//cdn.shopify.com/s/files/1/0513/3775/6828/files/Alpha-Arbutin_Hydrogel_Mask_09.webp?v=1747616658,//cdn.shopify.com/s/files/1/0513/3775/6828/files/Alpha-Arbutin_Hydrogel_Mask_10.jpg?v=1747616658,//cdn.shopify.com/s/files/1/0513/3775/6828/files/Alpha-Arbutin_Hydrogel_Mask_11.webp?v=1747616658,//cdn.shopify.com/s/files/1/0513/3775/6828/files/Alpha-Arbutin_Hydrogel_Mask_12.webp?v=1747616658,//cdn.shopify.com/s/files/1/0513/3775/6828/files/Alpha-Arbutin_Hydrogel_Mask_13.webp?v=1747616658,//cdn.shopify.com/s/files/1/0513/3775/6828/files/Alpha-Arbutin_Hydrogel_Mask_15.webp?v=1747616658,//cdn.shopify.com/s/files/1/0513/3775/6828/files/Alpha-Arbutin_Hydrogel_Mask_16.jpg?v=1747616658,//cdn.shopify.com/s/files/1/0513/3775/6828/files/Alpha-Arbutin_Hydrogel_Mask_17.webp?v=1747616658,//cdn.shopify.com/s/files/1/0513/3775/6828/files/Alpha-Arbutin_Hydrogel_Mask_18.webp?v=1747616658,//cdn.shopify.com/s/files/1/0513/3775/6828/files/Alpha-Arbutin_Hydrogel_Mask_19.webp?v=1747616658,//cdn.shopify.com/s/files/1/0513/3775/6828/files/preview_images/9cdf048a3093443792eec80cfd4afb75.thumbnail.0000000000_1024x.jpg?v=1746779646,//cdn.shopify.com/s/files/1/0513/3775/6828/files/preview_images/2359a6288cd24782ae3780d2b4b04888.thumbnail.0000000000_1024x.jpg?v=1746779658,//cdn.shopify.com/s/files/1/0513/3775/6828/files/preview_images/52ad39efe9704c2a8c2e40c92f585e62.thumbnail.0000000000_1024x.jpg?v=1746779659","https://cdn.shopify.com/videos/c/vp/9cdf048a3093443792eec80cfd4afb75/9cdf048a3093443792eec80cfd4afb75.HD-720p-3.0Mbps-47301283.mp4,https://cdn.shopify.com/videos/c/vp/2359a6288cd24782ae3780d2b4b04888/2359a6288cd24782ae3780d2b4b04888.HD-720p-4.5Mbps-47301289.mp4,https://cdn.shopify.com/videos/c/vp/52ad39efe9704c2a8c2e40c92f585e62/52ad39efe9704c2a8c2e40c92f585e62.HD-720p-4.5Mbps-47301294.mp4",,
AC Collection Calming Liquid Intensive,$26.00,"//cdn.shopify.com/s/files/1/0513/3775/6828/files/ac-collection-calming-liquid-intensive-cosrx-official-1.jpg?v=1724836888,//cdn.shopify.com/s/files/1/0513/3775/6828/files/ac-collection-calming-liquid-intensive-cosrx-official-2.jpg?v=1724836890,//cdn.shopify.com/s/files/1/0513/3775/6828/files/ac-collection-calming-liquid-intensive-cosrx-official-3.jpg?v=1724836892,//cdn.shopify.com/s/files/1/0513/3775/6828/files/ac-collection-calming-liquid-intensive-cosrx-official-4.jpg?v=1724836894,//cdn.shopify.com/s/files/1/0513/3775/6828/files/ac-collection-calming-liquid-intensive-cosrx-official-5.jpg?v=1724836897,//cdn.shopify.com/s/files/1/0513/3775/6828/files/ac-collection-calming-liquid-intensive-cosrx-official-6.jpg?v=1724836899",,,
AHA/BHA Clarifying Treatment Toner,$10.00,"//cdn.shopify.com/s/files/1/0513/3775/6828/files/ahabha-clarifying-treatment-toner-cosrx-official-1.jpg?v=1724835581,//cdn.shopify.com/s/files/1/0513/3775/6828/files/AHABHA_Toner_01B.webp?v=1780986536,//cdn.shopify.com/s/files/1/0513/3775/6828/files/AHABHA_Toner_02__2.webp?v=1780905670,//cdn.shopify.com/s/files/1/0513/3775/6828/files/AHABHA_Toner_03B.webp?v=1780905670,//cdn.shopify.com/s/files/1/0513/3775/6828/files/AHABHA_Toner_06.webp?v=1780905670,//cdn.shopify.com/s/files/1/0513/3775/6828/files/AHABHA_Toner_07B.webp?v=1780905671,//cdn.shopify.com/s/files/1/0513/3775/6828/files/AHABHA_Toner_09.webp?v=1780905671,//cdn.shopify.com/s/files/1/0513/3775/6828/files/AHABHA_Toner_10.webp?v=1780905670,//cdn.shopify.com/s/files/1/0513/3775/6828/files/AHABHA_Toner_11.webp?v=1780905671,//cdn.shopify.com/s/files/1/0513/3775/6828/files/AHABHA_Toner_12.webp?v=1780905670,//cdn.shopify.com/s/files/1/0513/3775/6828/files/AHABHA_Toner_13.webp?v=1780905670,//cdn.shopify.com/s/files/1/0513/3775/6828/files/preview_images/9a918ac7b9404264a51bbea5d33a8a0f.thumbnail.0000000000_1024x.jpg?v=1780905691",https://cdn.shopify.com/videos/c/vp/9a918ac7b9404264a51bbea5d33a8a0f/9a918ac7b9404264a51bbea5d33a8a0f.HD-720p-1.6Mbps-85956802.mp4,,150ml / 5.07 fl. oz
Advanced Snail Hydrogel Eye Patch,$28.00,"//cdn.shopify.com/s/files/1/0513/3775/6828/files/AnyConv.com__Snail-eye-patch2_800x1067_e8793905-5ab9-4172-a398-5d25b6cf39cc.webp?v=1765523642,//cdn.shopify.com/s/files/1/0513/3775/6828/files/advanced-snail-hydrogel-eye-patch-cosrx-official-2.jpg?v=1765523642,//cdn.shopify.com/s/files/1/0513/3775/6828/files/advanced-snail-hydrogel-eye-patch-cosrx-official-3.jpg?v=1765523642,//cdn.shopify.com/s/files/1/0513/3775/6828/files/advanced-snail-hydrogel-eye-patch-cosrx-official-4.jpg?v=1765523642,//cdn.shopify.com/s/files/1/0513/3775/6828/files/advanced-snail-hydrogel-eye-patch-cosrx-official-5.jpg?v=1765523642,//cdn.shopify.com/s/files/1/0513/3775/6828/files/advanced-snail-hydrogel-eye-patch-cosrx-official-6.jpg?v=1765523642,//cdn.shopify.com/s/files/1/0513/3775/6828/files/advanced-snail-hydrogel-eye-patch-cosrx-official-7.jpg?v=1765523642,//cdn.shopify.com/s/files/1/0513/3775/6828/files/advanced-snail-hydrogel-eye-patch-cosrx-official-8.jpg?v=1765523642,//cdn.shopify.com/s/files/1/0513/3775/6828/products/e632ba2eebb1403ba5f9a532630bd946.thumbnail.0000000_1024x.jpg?v=1638247556",https://cdn.shopify.com/videos/c/vp/e632ba2eebb1403ba5f9a532630bd946/e632ba2eebb1403ba5f9a532630bd946.HD-720p-4.5Mbps.mp4,,
Advanced Snail Mucin Power Sheet Mask 10 Sheets,$25.00,"//cdn.shopify.com/s/files/1/0513/3775/6828/files/advanced-snail-mucin-power-sheet-mask-10-sheets-cosrx-official-1.jpg?v=1724835952,//cdn.shopify.com/s/files/1/0513/3775/6828/files/advanced-snail-mucin-power-sheet-mask-10-sheets-cosrx-official-2.jpg?v=1724835954,//cdn.shopify.com/s/files/1/0513/3775/6828/files/advanced-snail-mucin-power-sheet-mask-10-sheets-cosrx-official-3.jpg?v=1724835956,//cdn.shopify.com/s/files/1/0513/3775/6828/files/advanced-snail-mucin-power-sheet-mask-10-sheets-cosrx-official-4.jpg?v=1731391990,//cdn.shopify.com/s/files/1/0513/3775/6828/files/advanced-snail-mucin-power-sheet-mask-10-sheets-cosrx-official-5.jpg?v=1724835960,//cdn.shopify.com/s/files/1/0513/3775/6828/files/advanced-snail-mucin-power-sheet-mask-10-sheets-cosrx-official-6.jpg?v=1724835963,//cdn.shopify.com/s/files/1/0513/3775/6828/files/advanced-snail-mucin-power-sheet-mask-10-sheets-cosrx-official-7.jpg?v=1724835965,//cdn.shopify.com/s/files/1/0513/3775/6828/files/advanced-snail-mucin-power-sheet-mask-10-sheets-cosrx-official-8.jpg?v=1724835967,//cdn.shopify.com/s/files/1/0513/3775/6828/files/advanced-snail-mucin-power-sheet-mask-10-sheets-cosrx-official-9.jpg?v=1724835969,//cdn.shopify.com/s/files/1/0513/3775/6828/files/advanced-snail-mucin-power-sheet-mask-10-sheets-cosrx-official-10.jpg?v=1724835971,//cdn.shopify.com/s/files/1/0513/3775/6828/files/advanced-snail-mucin-power-sheet-mask-10-sheets-cosrx-official-11.jpg?v=1724835972",,,
Hydrium Moisture Power Enriched Cream,$25.00,"//cdn.shopify.com/s/files/1/0513/3775/6828/files/hydrium-moisture-power-enriched-cream-cosrx-official-1.jpg?v=1689840658,//cdn.shopify.com/s/files/1/0513/3775/6828/files/hydrium-moisture-power-enriched-cream-cosrx-official-2.jpg?v=1689840659,//cdn.shopify.com/s/files/1/0513/3775/6828/files/hydrium-moisture-power-enriched-cream-cosrx-official-3.jpg?v=1724835146,//cdn.shopify.com/s/files/1/0513/3775/6828/files/hydrium-moisture-power-enriched-cream-cosrx-official-4.gif?v=1685603226,//cdn.shopify.com/s/files/1/0513/3775/6828/files/hydrium-moisture-power-enriched-cream-cosrx-official-5.jpg?v=1724835149,//cdn.shopify.com/s/files/1/0513/3775/6828/files/hydrium-moisture-power-enriched-cream-cosrx-official-6.jpg?v=1724835151,//cdn.shopify.com/s/files/1/0513/3775/6828/files/hydrium-moisture-power-enriched-cream-cosrx-official-7.jpg?v=1724835153,//cdn.shopify.com/s/files/1/0513/3775/6828/files/hydrium-moisture-power-enriched-cream-cosrx-official-8.jpg?v=1724835156,//cdn.shopify.com/s/files/1/0513/3775/6828/files/hydrium-moisture-power-enriched-cream-cosrx-official-9.jpg?v=1724835158,//cdn.shopify.com/s/files/1/0513/3775/6828/files/hydrium-moisture-power-enriched-cream-cosrx-official-10.jpg?v=1724835160",,,
AC Collection Blemish Care Sheet Mask,$6.00,"//cdn.shopify.com/s/files/1/0513/3775/6828/files/ac-collection-blemish-care-sheet-mask-cosrx-official-1.jpg?v=1724836188,//cdn.shopify.com/s/files/1/0513/3775/6828/files/ac-collection-blemish-care-sheet-mask-cosrx-official-2.jpg?v=1724836190,//cdn.shopify.com/s/files/1/0513/3775/6828/files/ac-collection-blemish-care-sheet-mask-cosrx-official-3.jpg?v=1724836193,//cdn.shopify.com/s/files/1/0513/3775/6828/files/ac-collection-blemish-care-sheet-mask-cosrx-official-4.jpg?v=1724836195,//cdn.shopify.com/s/files/1/0513/3775/6828/files/ac-collection-blemish-care-sheet-mask-cosrx-official-5.jpg?v=1724836197,//cdn.shopify.com/s/files/1/0513/3775/6828/files/ac-collection-blemish-care-sheet-mask-cosrx-official-6.jpg?v=1724836199,//cdn.shopify.com/s/files/1/0513/3775/6828/files/ac-collection-blemish-care-sheet-mask-cosrx-official-7.jpg?v=1724836201,//cdn.shopify.com/s/files/1/0513/3775/6828/files/ac-collection-blemish-care-sheet-mask-cosrx-official-8.jpg?v=1724836203,//cdn.shopify.com/s/files/1/0513/3775/6828/files/ac-collection-blemish-care-sheet-mask-cosrx-official-9.jpg?v=1724836205,//cdn.shopify.com/s/files/1/0513/3775/6828/files/ac-collection-blemish-care-sheet-mask-cosrx-official-10.jpg?v=1724836208",,,1 ea
The AHA BHA PHA LHA 35 Peel,$19.00,"//cdn.shopify.com/s/files/1/0513/3775/6828/files/The_35peel_0.webp?v=1724836979,//cdn.shopify.com/s/files/1/0513/3775/6828/files/The_35peel_1B.webp?v=1697445072,//cdn.shopify.com/s/files/1/0513/3775/6828/files/The_35peel_2.webp?v=1697445075,//cdn.shopify.com/s/files/1/0513/3775/6828/files/The_35peel_3.webp?v=1724836985,//cdn.shopify.com/s/files/1/0513/3775/6828/files/The_35peel_18.webp?v=1724836987,//cdn.shopify.com/s/files/1/0513/3775/6828/files/The_35peel_5.webp?v=1724836988,//cdn.shopify.com/s/files/1/0513/3775/6828/files/The_35peel_6.webp?v=1724836990,//cdn.shopify.com/s/files/1/0513/3775/6828/files/The_35peel_7.webp?v=1697445085,//cdn.shopify.com/s/files/1/0513/3775/6828/files/The_35peel_8.webp?v=1724836994,//cdn.shopify.com/s/files/1/0513/3775/6828/files/The_35peel_9.webp?v=1697445089,//cdn.shopify.com/s/files/1/0513/3775/6828/files/The_35peel_11_2.webp?v=1697445091,//cdn.shopify.com/s/files/1/0513/3775/6828/files/The_35peel_12.webp?v=1697445093,//cdn.shopify.com/s/files/1/0513/3775/6828/files/The_35peel_13.webp?v=1697445095,//cdn.shopify.com/s/files/1/0513/3775/6828/files/The_35peel_14.webp?v=1724837003,//cdn.shopify.com/s/files/1/0513/3775/6828/files/The_35peel_17.webp?v=1724837005,//cdn.shopify.com/s/files/1/0513/3775/6828/files/The_35peel_15.webp?v=1724837006,//cdn.shopify.com/s/files/1/0513/3775/6828/files/preview_images/7d5e9d761d4042c0ab5375b69669317c.thumbnail.0000000000_1024x.jpg?v=1696916639,//cdn.shopify.com/s/files/1/0513/3775/6828/files/preview_images/d7b949831acf49c8bbf2f12ea91642ac.thumbnail.0000000000_1024x.jpg?v=1696914475,//cdn.shopify.com/s/files/1/0513/3775/6828/files/preview_images/bfcd9fa8cfbd4dbabaf09641794640fd.thumbnail.0000000000_1024x.jpg?v=1696914475","https://cdn.shopify.com/videos/c/vp/7d5e9d761d4042c0ab5375b69669317c/7d5e9d761d4042c0ab5375b69669317c.HD-720p-1.6Mbps-19274142.mp4,https://cdn.shopify.com/videos/c/vp/d7b949831acf49c8bbf2f12ea91642ac/d7b949831acf49c8bbf2f12ea91642ac.HD-720p-1.6Mbps-19273500.mp4,https://cdn.shopify.com/videos/c/vp/bfcd9fa8cfbd4dbabaf09641794640fd/bfcd9fa8cfbd4dbabaf09641794640fd.HD-720p-1.6Mbps-19273499.mp4",,30mL (1.01 fl.oz.)
Ultra-Light Invisible Sunscreen SPF50 PA++++,$16.00,"//cdn.shopify.com/s/files/1/0513/3775/6828/files/Ultra_light_invisible_800x1067_e5a058ed-afbb-4517-9516-58a1bf91b1aa.webp?v=1785303430,//cdn.shopify.com/s/files/1/0513/3775/6828/files/Ultra_light_invisible_Sun_1_67b72102-93e5-431f-8ca7-450eec05fe5a.jpg?v=1716971740,//cdn.shopify.com/s/files/1/0513/3775/6828/files/Ultra_light_invisible_Sun_3.jpg?v=1716862508,//cdn.shopify.com/s/files/1/0513/3775/6828/files/Ultra_light_invisible_Sun_4.jpg?v=1716862508,//cdn.shopify.com/s/files/1/0513/3775/6828/files/Ultra_light_invisible_Sun_7.jpg?v=1724837138,//cdn.shopify.com/s/files/1/0513/3775/6828/files/Ultra_light_invisible_Sun_9.jpg?v=1716862508,//cdn.shopify.com/s/files/1/0513/3775/6828/files/Ultra_light_invisible_Sun_17.jpg?v=1724837142,//cdn.shopify.com/s/files/1/0513/3775/6828/files/Ultra_light_invisible_Sun_17_902e676e-e3ce-4fae-aaf8-1696d2e66226.jpg?v=1724837144,//cdn.shopify.com/s/files/1/0513/3775/6828/files/Ultra_light_invisible_Sun_13.jpg?v=1724837146,//cdn.shopify.com/s/files/1/0513/3775/6828/files/Ultra_light_invisible_Sun_10.jpg?v=1716862508,//cdn.shopify.com/s/files/1/0513/3775/6828/files/Ultra_light_invisible_Sun_12.jpg?v=1716862508,//cdn.shopify.com/s/files/1/0513/3775/6828/files/Ultra_light_invisible_Sun_14.jpg?v=1724837153,//cdn.shopify.com/s/files/1/0513/3775/6828/files/Ultra_light_invisible_Sun_15.jpg?v=1716862508,//cdn.shopify.com/s/files/1/0513/3775/6828/files/Ultra_light_invisible_Sun_16.jpg?v=1724837157,//cdn.shopify.com/s/files/1/0513/3775/6828/files/preview_images/459e089e26584ebdad980463908d8def.thumbnail.0000000000_1024x.jpg?v=1713751708",https://cdn.shopify.com/videos/c/vp/459e089e26584ebdad980463908d8def/459e089e26584ebdad980463908d8def.HD-720p-4.5Mbps-27724586.mp4,,50mL / 1.69 fl. Oz
Aloe 54.2 Aqua Tone-up Sunscreen SPF 50+ PA++++,$0.00,"//cdn.shopify.com/s/files/1/0513/3775/6828/files/aloe-54-2-aqua-tone-up-sunscreen-spf-50-pa-cosrx-official-1.jpg?v=1724836911,//cdn.shopify.com/s/files/1/0513/3775/6828/files/aloe-54-2-aqua-tone-up-sunscreen-spf-50-pa-cosrx-official-2.jpg?v=1724836913,//cdn.shopify.com/s/files/1/0513/3775/6828/files/aloe-54-2-aqua-tone-up-sunscreen-spf-50-pa-cosrx-official-3.jpg?v=1724836915,//cdn.shopify.com/s/files/1/0513/3775/6828/files/aloe-54-2-aqua-tone-up-sunscreen-spf-50-pa-cosrx-official-4.jpg?v=1724836917,//cdn.shopify.com/s/files/1/0513/3775/6828/files/aloe-54-2-aqua-tone-up-sunscreen-spf-50-pa-cosrx-official-5.jpg?v=1724836919,//cdn.shopify.com/s/files/1/0513/3775/6828/files/aloe-54-2-aqua-tone-up-sunscreen-spf-50-pa-cosrx-official-6.jpg?v=1724836921,//cdn.shopify.com/s/files/1/0513/3775/6828/files/aloe-54-2-aqua-tone-up-sunscreen-spf-50-pa-cosrx-official-7.jpg?v=1724836923,//cdn.shopify.com/s/files/1/0513/3775/6828/files/aloe-54-2-aqua-tone-up-sunscreen-spf-50-pa-cosrx-official-8.jpg?v=1724836925",,,
Aloe Soothing Sun Cream  SPF50+/ PA+++,$16.00,"//cdn.shopify.com/s/files/1/0513/3775/6828/files/aloe-soothing-sun-cream-spf50-pa-cosrx-official-1.jpg?v=1724835559,//cdn.shopify.com/s/files/1/0513/3775/6828/files/aloe-soothing-sun-cream-spf50-pa-cosrx-official-2.jpg?v=1724835561,//cdn.shopify.com/s/files/1/0513/3775/6828/files/aloe-soothing-sun-cream-spf50-pa-cosrx-official-3.jpg?v=1724835563,//cdn.shopify.com/s/files/1/0513/3775/6828/files/aloe-soothing-sun-cream-spf50-pa-cosrx-official-4.jpg?v=1724835566,//cdn.shopify.com/s/files/1/0513/3775/6828/files/aloe-soothing-sun-cream-spf50-pa-cosrx-official-5.jpg?v=1724835568,//cdn.shopify.com/s/files/1/0513/3775/6828/files/aloe-soothing-sun-cream-spf50-pa-cosrx-official-6.jpg?v=1724835570,//cdn.shopify.com/s/files/1/0513/3775/6828/files/aloe-soothing-sun-cream-spf50-pa-cosrx-official-7.jpg?v=1724835572,//cdn.shopify.com/s/files/1/0513/3775/6828/files/aloe-soothing-sun-cream-spf50-pa-cosrx-official-8.jpg?v=1724835574,//cdn.shopify.com/s/files/1/0513/3775/6828/files/aloe-soothing-sun-cream-spf50-pa-cosrx-official-9.jpg?v=1724835576,//cdn.shopify.com/s/files/1/0513/3775/6828/files/aloe-soothing-sun-cream-spf50-pa-cosrx-official-10.jpg?v=1724835579",,,1.69 fl.oz / 50ml
COSRX One Step Green Calming Pad,$22.00,"//cdn.shopify.com/s/files/1/0513/3775/6828/files/Green_Pad_0.jpg?v=1694078299,//cdn.shopify.com/s/files/1/0513/3775/6828/files/Green_Pad_1_2.jpg?v=1726731326,//cdn.shopify.com/s/files/1/0513/3775/6828/files/Green_Pad_2.jpg?v=1725350806,//cdn.shopify.com/s/files/1/0513/3775/6828/products/Green_Pad_12.jpg?v=1725350806,//cdn.shopify.com/s/files/1/0513/3775/6828/files/Green_Pad_3.jpg?v=1725350806,//cdn.shopify.com/s/files/1/0513/3775/6828/files/Green_Pad_4.jpg?v=1725350806,//cdn.shopify.com/s/files/1/0513/3775/6828/files/Green_Pad_5.jpg?v=1725350806,//cdn.shopify.com/s/files/1/0513/3775/6828/files/Green_Pad_6.jpg?v=1725350806,//cdn.shopify.com/s/files/1/0513/3775/6828/files/Green_Pad_8.jpg?v=1725350806,//cdn.shopify.com/s/files/1/0513/3775/6828/files/Green_Pad_7.jpg?v=1725350806,//cdn.shopify.com/s/files/1/0513/3775/6828/files/Green_Pad_9.jpg?v=1725350806,//cdn.shopify.com/s/files/1/0513/3775/6828/files/Green_Pad_10.jpg?v=1725350806",,,
Airy-Light Invisible Sun Stick,$0.00,"//cdn.shopify.com/s/files/1/0513/3775/6828/files/Airy-Light_SunStick_00.webp?v=1749081344,//cdn.shopify.com/s/files/1/0513/3775/6828/files/Airy-Light_SunStick_01__3.webp?v=1749081344,//cdn.shopify.com/s/files/1/0513/3775/6828/files/Airy-Light_SunStick_02__2.webp?v=1749081344,//cdn.shopify.com/s/files/1/0513/3775/6828/files/Airy-Light_SunStick_03.webp?v=1749081344,//cdn.shopify.com/s/files/1/0513/3775/6828/files/Airy-Light_SunStick_04__2.webp?v=1749081344,//cdn.shopify.com/s/files/1/0513/3775/6828/files/Airy-Light_SunStick_05__2.webp?v=1749081344,//cdn.shopify.com/s/files/1/0513/3775/6828/files/Airy-Light_SunStick_06__2.webp?v=1749081344,//cdn.shopify.com/s/files/1/0513/3775/6828/files/Airy-Light_SunStick_08.webp?v=1749081344,//cdn.shopify.com/s/files/1/0513/3775/6828/files/Airy-Light_SunStick_09.webp?v=1749081344,//cdn.shopify.com/s/files/1/0513/3775/6828/files/Airy-Light_SunStick_10.webp?v=1749081344,//cdn.shopify.com/s/files/1/0513/3775/6828/files/Airy-Light_SunStick_11__2.webp?v=1749081344,//cdn.shopify.com/s/files/1/0513/3775/6828/files/Airy-Light_SunStick_12.webp?v=1749081344,//cdn.shopify.com/s/files/1/0513/3775/6828/files/Airy-Light_SunStick_13.webp?v=1749081344,//cdn.shopify.com/s/files/1/0513/3775/6828/files/Airy-Light_SunStick_14.webp?v=1749081344,//cdn.shopify.com/s/files/1/0513/3775/6828/files/Airy-Light_SunStick_15.webp?v=1749081344,//cdn.shopify.com/s/files/1/0513/3775/6828/files/Airy-Light_SunStick_16__2.webp?v=1749081344,//cdn.shopify.com/s/files/1/0513/3775/6828/files/Airy-Light_SunStick_17.webp?v=1749081344,//cdn.shopify.com/s/files/1/0513/3775/6828/files/Airy-Light_SunStick_18.webp?v=1749081344,//cdn.shopify.com/s/files/1/0513/3775/6828/files/preview_images/782c27987aac46e2ab3f372fe1222262.thumbnail.0000000000_1024x.jpg?v=1749081359",https://cdn.shopify.com/videos/c/vp/782c27987aac46e2ab3f372fe1222262/782c27987aac46e2ab3f372fe1222262.HD-720p-1.6Mbps-48841152.mp4,,
Master Patch Basic [90ea],$25.00,"//cdn.shopify.com/s/files/1/0513/3775/6828/files/master-patch-basic-90ea-cosrx-official-1.jpg?v=1724836465,//cdn.shopify.com/s/files/1/0513/3775/6828/files/master-patch-basic-90ea-cosrx-official-2.jpg?v=1724836467,//cdn.shopify.com/s/files/1/0513/3775/6828/files/master-patch-basic-90ea-cosrx-official-3.jpg?v=1724836469,//cdn.shopify.com/s/files/1/0513/3775/6828/files/master-patch-basic-90ea-cosrx-official-4.jpg?v=1724836471,//cdn.shopify.com/s/files/1/0513/3775/6828/files/master-patch-basic-90ea-cosrx-official-5.jpg?v=1724836473,//cdn.shopify.com/s/files/1/0513/3775/6828/files/master-patch-basic-90ea-cosrx-official-6.png?v=1724836476,//cdn.shopify.com/s/files/1/0513/3775/6828/files/master-patch-basic-90ea-cosrx-official-7.png?v=1724836479,//cdn.shopify.com/s/files/1/0513/3775/6828/products/ee4ab06b036f457fa0c8b6dee346dd6e.thumbnail.0000000_1024x.jpg?v=1638247388",https://cdn.shopify.com/videos/c/vp/ee4ab06b036f457fa0c8b6dee346dd6e/ee4ab06b036f457fa0c8b6dee346dd6e.HD-720p-2.1Mbps.mp4,,12mm Patches (90ea)
Master Patch X-Large,$18.00,"//cdn.shopify.com/s/files/1/0513/3775/6828/files/master-patch-x-large-cosrx-official-1.jpg?v=1724836481,//cdn.shopify.com/s/files/1/0513/3775/6828/files/master-patch-x-large-cosrx-official-2.jpg?v=1724836483,//cdn.shopify.com/s/files/1/0513/3775/6828/files/master-patch-x-large-cosrx-official-3.jpg?v=1724836485,//cdn.shopify.com/s/files/1/0513/3775/6828/files/master-patch-x-large-cosrx-official-4.jpg?v=1724836487,//cdn.shopify.com/s/files/1/0513/3775/6828/files/master-patch-x-large-cosrx-official-5.jpg?v=1724836489,//cdn.shopify.com/s/files/1/0513/3775/6828/files/master-patch-x-large-cosrx-official-6.png?v=1724836492,//cdn.shopify.com/s/files/1/0513/3775/6828/products/19fa4dd6ceff4119a993b2cb5f5c50dc.thumbnail.0000000_1024x.jpg?v=1638247461",https://cdn.shopify.com/videos/c/vp/19fa4dd6ceff4119a993b2cb5f5c50dc/19fa4dd6ceff4119a993b2cb5f5c50dc.HD-720p-2.1Mbps.mp4,,30*60mm
Pure Fit Cica Creamy Foam Cleanser,$18.00,"//cdn.shopify.com/s/files/1/0513/3775/6828/files/pure-fit-cica-creamy-foam-cleanser-cosrx-official-1.jpg?v=1724836245,//cdn.shopify.com/s/files/1/0513/3775/6828/files/pure-fit-cica-creamy-foam-cleanser-cosrx-official-2.jpg?v=1724836247,//cdn.shopify.com/s/files/1/0513/3775/6828/files/pure-fit-cica-creamy-foam-cleanser-cosrx-official-3.jpg?v=1724836249,//cdn.shopify.com/s/files/1/0513/3775/6828/files/pure-fit-cica-creamy-foam-cleanser-cosrx-official-4.jpg?v=1724836251,//cdn.shopify.com/s/files/1/0513/3775/6828/files/pure-fit-cica-creamy-foam-cleanser-cosrx-official-5.jpg?v=1724836253,//cdn.shopify.com/s/files/1/0513/3775/6828/files/pure-fit-cica-creamy-foam-cleanser-cosrx-official-6.jpg?v=1724836256,//cdn.shopify.com/s/files/1/0513/3775/6828/files/pure-fit-cica-creamy-foam-cleanser-cosrx-official-7.jpg?v=1724836258,//cdn.shopify.com/s/files/1/0513/3775/6828/files/pure-fit-cica-creamy-foam-cleanser-cosrx-official-8.jpg?v=1724836260",,,0.67 fl.oz / 20mL
Pure Fit Cica Calming True Sheet Mask,$6.00,"//cdn.shopify.com/s/files/1/0513/3775/6828/files/pure-fit-cica-calming-true-sheet-mask-cosrx-official-1.jpg?v=1724835917,//cdn.shopify.com/s/files/1/0513/3775/6828/files/pure-fit-cica-calming-true-sheet-mask-cosrx-official-2.jpg?v=1724835920,//cdn.shopify.com/s/files/1/0513/3775/6828/files/pure-fit-cica-calming-true-sheet-mask-cosrx-official-3.jpg?v=1724835922,//cdn.shopify.com/s/files/1/0513/3775/6828/files/pure-fit-cica-calming-true-sheet-mask-cosrx-official-4.jpg?v=1724835924,//cdn.shopify.com/s/files/1/0513/3775/6828/files/pure-fit-cica-calming-true-sheet-mask-cosrx-official-5.jpg?v=1724835926,//cdn.shopify.com/s/files/1/0513/3775/6828/files/pure-fit-cica-calming-true-sheet-mask-cosrx-official-6.jpg?v=1724835928",,,1 ea
Clear Fit Master Patch,$6.00,"//cdn.shopify.com/s/files/1/0513/3775/6828/files/clear-fit-master-patch-cosrx-official-1.jpg?v=1724835502,//cdn.shopify.com/s/files/1/0513/3775/6828/files/clear-fit-master-patch-cosrx-official-2.jpg?v=1724835504,//cdn.shopify.com/s/files/1/0513/3775/6828/files/clear-fit-master-patch-cosrx-official-3.jpg?v=1724835506,//cdn.shopify.com/s/files/1/0513/3775/6828/files/clear-fit-master-patch-cosrx-official-4.jpg?v=1724041143,//cdn.shopify.com/s/files/1/0513/3775/6828/files/clear-fit-master-patch-cosrx-official-5.jpg?v=1724835510,//cdn.shopify.com/s/files/1/0513/3775/6828/files/clear-fit-master-patch-cosrx-official-6.jpg?v=1724835512",,,
Hydrium Triple Hyaluronic Moisture Ampoule,$26.00,"//cdn.shopify.com/s/files/1/0513/3775/6828/files/hydrium-triple-hyaluronic-moisture-ampoule-cosrx-official-1.jpg?v=1724835343,//cdn.shopify.com/s/files/1/0513/3775/6828/files/hydrium-triple-hyaluronic-moisture-ampoule-cosrx-official-2.jpg?v=1689840675,//cdn.shopify.com/s/files/1/0513/3775/6828/files/hydrium-triple-hyaluronic-moisture-ampoule-cosrx-official-3.jpg?v=1689840676,//cdn.shopify.com/s/files/1/0513/3775/6828/files/hydrium-triple-hyaluronic-moisture-ampoule-cosrx-official-4.gif?v=1685603318,//cdn.shopify.com/s/files/1/0513/3775/6828/files/hydrium-triple-hyaluronic-moisture-ampoule-cosrx-official-5.jpg?v=1724835350,//cdn.shopify.com/s/files/1/0513/3775/6828/files/hydrium-triple-hyaluronic-moisture-ampoule-cosrx-official-6.jpg?v=1724835352,//cdn.shopify.com/s/files/1/0513/3775/6828/files/hydrium-triple-hyaluronic-moisture-ampoule-cosrx-official-7.jpg?v=1724835354,//cdn.shopify.com/s/files/1/0513/3775/6828/files/hydrium-triple-hyaluronic-moisture-ampoule-cosrx-official-8.jpg?v=1724835357,//cdn.shopify.com/s/files/1/0513/3775/6828/files/hydrium-triple-hyaluronic-moisture-ampoule-cosrx-official-9.jpg?v=1724835359,//cdn.shopify.com/s/files/1/0513/3775/6828/files/hydrium-triple-hyaluronic-moisture-ampoule-cosrx-official-10.jpg?v=1724835361,//cdn.shopify.com/s/files/1/0513/3775/6828/files/hydrium-triple-hyaluronic-moisture-ampoule-cosrx-official-11.jpg?v=1724835363",,,
Pure Fit Cica Cream,$32.00,"//cdn.shopify.com/s/files/1/0513/3775/6828/files/pure-fit-cica-cream-cosrx-official-1.jpg?v=1724835235,//cdn.shopify.com/s/files/1/0513/3775/6828/files/pure-fit-cica-cream-cosrx-official-2.jpg?v=1724835237,//cdn.shopify.com/s/files/1/0513/3775/6828/files/pure-fit-cica-cream-cosrx-official-3.jpg?v=1724835239,//cdn.shopify.com/s/files/1/0513/3775/6828/files/pure-fit-cica-cream-cosrx-official-4.jpg?v=1724835241,//cdn.shopify.com/s/files/1/0513/3775/6828/files/pure-fit-cica-cream-cosrx-official-5.jpg?v=1724835244,//cdn.shopify.com/s/files/1/0513/3775/6828/files/pure-fit-cica-cream-cosrx-official-6.jpg?v=1724835246,//cdn.shopify.com/s/files/1/0513/3775/6828/files/pure-fit-cica-cream-cosrx-official-7.jpg?v=1724835248,//cdn.shopify.com/s/files/1/0513/3775/6828/files/pure-fit-cica-cream-cosrx-official-8.jpg?v=1724835251",,,
Acne Pimple Master Patch Original Fit 4SET (96 Patches),$8.00,"//cdn.shopify.com/s/files/1/0513/3775/6828/files/Acne_pimple_patch_00.webp?v=1761012126,//cdn.shopify.com/s/files/1/0513/3775/6828/files/Acne_pimple_patch_01.webp?v=1761012126,//cdn.shopify.com/s/files/1/0513/3775/6828/files/Acne_pimple_patch_02.webp?v=1761012126,//cdn.shopify.com/s/files/1/0513/3775/6828/files/Acne_pimple_patch_03.webp?v=1761012126,//cdn.shopify.com/s/files/1/0513/3775/6828/files/Acne_pimple_patch_04.webp?v=1761012126",,,
Hydrium Centella Aqua Soothing Ampoule,$26.00,"//cdn.shopify.com/s/files/1/0513/3775/6828/files/hydrium-centella-aqua-soothing-ampoule-cosrx-official-1.jpg?v=1689840666,//cdn.shopify.com/s/files/1/0513/3775/6828/files/hydrium-centella-aqua-soothing-ampoule-cosrx-official-2.jpg?v=1689840668,//cdn.shopify.com/s/files/1/0513/3775/6828/files/hydrium-centella-aqua-soothing-ampoule-cosrx-official-3.jpg?v=1689840670,//cdn.shopify.com/s/files/1/0513/3775/6828/files/hydrium-centella-aqua-soothing-ampoule-cosrx-official-4.gif?v=1685603285,//cdn.shopify.com/s/files/1/0513/3775/6828/files/hydrium-centella-aqua-soothing-ampoule-cosrx-official-5.jpg?v=1724835305,//cdn.shopify.com/s/files/1/0513/3775/6828/files/hydrium-centella-aqua-soothing-ampoule-cosrx-official-6.jpg?v=1724835307,//cdn.shopify.com/s/files/1/0513/3775/6828/files/hydrium-centella-aqua-soothing-ampoule-cosrx-official-7.jpg?v=1724835309,//cdn.shopify.com/s/files/1/0513/3775/6828/files/hydrium-centella-aqua-soothing-ampoule-cosrx-official-8.jpg?v=1724835311,//cdn.shopify.com/s/files/1/0513/3775/6828/files/hydrium-centella-aqua-soothing-ampoule-cosrx-official-9.jpg?v=1724835313,//cdn.shopify.com/s/files/1/0513/3775/6828/files/hydrium-centella-aqua-soothing-ampoule-cosrx-official-10.jpg?v=1724835315,//cdn.shopify.com/s/files/1/0513/3775/6828/files/hydrium-centella-aqua-soothing-ampoule-cosrx-official-11.jpg?v=1724835318,//cdn.shopify.com/s/files/1/0513/3775/6828/files/hydrium-centella-aqua-soothing-ampoule-cosrx-official-12.jpg?v=1724835320",,,
Hydrium Green Tea Aqua Soothing Gel Cream,$25.00,"//cdn.shopify.com/s/files/1/0513/3775/6828/files/hydrium-green-tea-aqua-soothing-gel-cream-cosrx-official-1.jpg?v=1724835322,//cdn.shopify.com/s/files/1/0513/3775/6828/files/hydrium-green-tea-aqua-soothing-gel-cream-cosrx-official-2.jpg?v=1724835324,//cdn.shopify.com/s/files/1/0513/3775/6828/files/hydrium-green-tea-aqua-soothing-gel-cream-cosrx-official-3.jpg?v=1724835326,//cdn.shopify.com/s/files/1/0513/3775/6828/files/hydrium-green-tea-aqua-soothing-gel-cream-cosrx-official-4.jpg?v=1724835328,//cdn.shopify.com/s/files/1/0513/3775/6828/files/hydrium-green-tea-aqua-soothing-gel-cream-cosrx-official-5.jpg?v=1724835330,//cdn.shopify.com/s/files/1/0513/3775/6828/files/hydrium-green-tea-aqua-soothing-gel-cream-cosrx-official-6.jpg?v=1724835333,//cdn.shopify.com/s/files/1/0513/3775/6828/files/hydrium-green-tea-aqua-soothing-gel-cream-cosrx-official-7.jpg?v=1724835335,//cdn.shopify.com/s/files/1/0513/3775/6828/files/hydrium-green-tea-aqua-soothing-gel-cream-cosrx-official-8.jpg?v=1724835337,//cdn.shopify.com/s/files/1/0513/3775/6828/files/hydrium-green-tea-aqua-soothing-gel-cream-cosrx-official-9.jpg?v=1724835340,//cdn.shopify.com/s/files/1/0513/3775/6828/files/hydrium-green-tea-aqua-soothing-gel-cream-cosrx-official-10.jpg?v=1724835341",,,
AC Collection Ultimate Spot Cream,$23.00,"//cdn.shopify.com/s/files/1/0513/3775/6828/files/ac-collection-ultimate-spot-cream-cosrx-official-1.jpg?v=1724835771,//cdn.shopify.com/s/files/1/0513/3775/6828/files/ac-collection-ultimate-spot-cream-cosrx-official-2.jpg?v=1724835773,//cdn.shopify.com/s/files/1/0513/3775/6828/files/ac-collection-ultimate-spot-cream-cosrx-official-3.jpg?v=1724835775,//cdn.shopify.com/s/files/1/0513/3775/6828/files/ac-collection-ultimate-spot-cream-cosrx-official-4.jpg?v=1724835777,//cdn.shopify.com/s/files/1/0513/3775/6828/files/ac-collection-ultimate-spot-cream-cosrx-official-5.jpg?v=1724835779,//cdn.shopify.com/s/files/1/0513/3775/6828/files/ac-collection-ultimate-spot-cream-cosrx-official-6.jpg?v=1724835782,//cdn.shopify.com/s/files/1/0513/3775/6828/files/ac-collection-ultimate-spot-cream-cosrx-official-7.jpg?v=1724835783,//cdn.shopify.com/s/files/1/0513/3775/6828/files/ac-collection-ultimate-spot-cream-cosrx-official-8.jpg?v=1724835786",,,
Hydrium Triple Hyaluronic Water Wave Sheet Mask,$6.00,"//cdn.shopify.com/s/files/1/0513/3775/6828/files/hydrium-triple-hyaluronic-water-wave-sheet-mask-cosrx-official-1.jpg?v=1724836079,//cdn.shopify.com/s/files/1/0513/3775/6828/files/hydrium-triple-hyaluronic-water-wave-sheet-mask-cosrx-official-2.jpg?v=1724836082,//cdn.shopify.com/s/files/1/0513/3775/6828/files/hydrium-triple-hyaluronic-water-wave-sheet-mask-cosrx-official-3.jpg?v=1724836085,//cdn.shopify.com/s/files/1/0513/3775/6828/files/hydrium-triple-hyaluronic-water-wave-sheet-mask-cosrx-official-4.jpg?v=1724836088,//cdn.shopify.com/s/files/1/0513/3775/6828/files/hydrium-triple-hyaluronic-water-wave-sheet-mask-cosrx-official-5.jpg?v=1724836090,//cdn.shopify.com/s/files/1/0513/3775/6828/files/hydrium-triple-hyaluronic-water-wave-sheet-mask-cosrx-official-6.jpg?v=1724836092,//cdn.shopify.com/s/files/1/0513/3775/6828/files/hydrium-triple-hyaluronic-water-wave-sheet-mask-cosrx-official-7.jpg?v=1724836094",,,
COSRX AIRY-LIGHT OIL CONTROL CLEAR SUNSCREEN STICK SPF 50,$23.00,"//cdn.shopify.com/s/files/1/0513/3775/6828/files/Airy-Light_Clear_SunStick_00_ffd57aae-2ac6-4ab6-870a-ccd935fc20c3.jpg?v=1778562098,//cdn.shopify.com/s/files/1/0513/3775/6828/files/Airy-Light_Clear_SunStick_01F.webp?v=1749085530,//cdn.shopify.com/s/files/1/0513/3775/6828/files/Airy-Light_Clear_SunStick_02__2.webp?v=1749085530,//cdn.shopify.com/s/files/1/0513/3775/6828/files/Airy-Light_Clear_SunStick_03__3.jpg?v=1774597090,//cdn.shopify.com/s/files/1/0513/3775/6828/files/Airy-Light_Clear_SunStick_04__2.webp?v=1774597090,//cdn.shopify.com/s/files/1/0513/3775/6828/files/Airy-Light_Clear_SunStick_05__2.webp?v=1774597090,//cdn.shopify.com/s/files/1/0513/3775/6828/files/Airy-Light_Clear_SunStick_08__2.webp?v=1774597090,//cdn.shopify.com/s/files/1/0513/3775/6828/files/Airy-Light_Clear_SunStick_07__3.jpg?v=1774597090,//cdn.shopify.com/s/files/1/0513/3775/6828/files/Airy-Light_Clear_SunStick_09__2.webp?v=1774597090,//cdn.shopify.com/s/files/1/0513/3775/6828/files/Airy-Light_Clear_SunStick_10__2.webp?v=1774597090,//cdn.shopify.com/s/files/1/0513/3775/6828/files/Airy-Light_Clear_SunStick_11__2.webp?v=1774597090,//cdn.shopify.com/s/files/1/0513/3775/6828/files/Airy-Light_Clear_SunStick_12__2.webp?v=1774597090,//cdn.shopify.com/s/files/1/0513/3775/6828/files/Airy-Light_Clear_SunStick_13__2.webp?v=1774597090,//cdn.shopify.com/s/files/1/0513/3775/6828/files/Airy-Light_Clear_SunStick_15__2.webp?v=1774597090,//cdn.shopify.com/s/files/1/0513/3775/6828/files/Airy-Light_Clear_SunStick_16__2.webp?v=1774597090,//cdn.shopify.com/s/files/1/0513/3775/6828/files/Airy-Light_Clear_SunStick_14__3.jpg?v=1774597090,//cdn.shopify.com/s/files/1/0513/3775/6828/files/Airy-Light_Clear_SunStick_17__2.webp?v=1774597090,//cdn.shopify.com/s/files/1/0513/3775/6828/files/Airy-Light_Clear_SunStick_18__2.webp?v=1774597090,//cdn.shopify.com/s/files/1/0513/3775/6828/files/Airy-Light_Clear_SunStick_19__2.webp?v=1774597090,//cdn.shopify.com/s/files/1/0513/3775/6828/files/Airy-Light_Clear_SunStick_20__2.webp?v=1774597090,//cdn.shopify.com/s/files/1/0513/3775/6828/files/preview_images/8f5244ac7f3544dcb50ca53a3c71f121.thumbnail.0000000000_1024x.jpg?v=1748997002",https://cdn.shopify.com/videos/c/vp/8f5244ac7f3544dcb50ca53a3c71f121/8f5244ac7f3544dcb50ca53a3c71f121.HD-720p-1.6Mbps-48772429.mp4,,
AHA 7 Whitehead Power Liquid,$11.00,"//cdn.shopify.com/s/files/1/0513/3775/6828/files/aha-7-whitehead-power-liquid-cosrx-official-1.jpg?v=1724835611,//cdn.shopify.com/s/files/1/0513/3775/6828/files/aha-7-whitehead-power-liquid-cosrx-official-2.jpg?v=1724835613,//cdn.shopify.com/s/files/1/0513/3775/6828/files/aha-7-whitehead-power-liquid-cosrx-official-3.jpg?v=1724835615,//cdn.shopify.com/s/files/1/0513/3775/6828/files/aha-7-whitehead-power-liquid-cosrx-official-4.jpg?v=1724835617,//cdn.shopify.com/s/files/1/0513/3775/6828/files/aha-7-whitehead-power-liquid-cosrx-official-5.jpg?v=1724835620,//cdn.shopify.com/s/files/1/0513/3775/6828/files/aha-7-whitehead-power-liquid-cosrx-official-6.jpg?v=1724835622,//cdn.shopify.com/s/files/1/0513/3775/6828/files/aha-7-whitehead-power-liquid-cosrx-official-7.jpg?v=1724835624,//cdn.shopify.com/s/files/1/0513/3775/6828/files/aha-7-whitehead-power-liquid-cosrx-official-8.jpg?v=1724835627,//cdn.shopify.com/s/files/1/0513/3775/6828/files/aha-7-whitehead-power-liquid-cosrx-official-9.jpg?v=1724835629,//cdn.shopify.com/s/files/1/0513/3775/6828/files/The_35peel_17_e9c57fea-e76d-47f7-8bda-cc34583c0d27.webp?v=1724835631,//cdn.shopify.com/s/files/1/0513/3775/6828/files/aha-7-whitehead-power-liquid-cosrx-official-11.jpg?v=1724835634,//cdn.shopify.com/s/files/1/0513/3775/6828/files/800x1067___7__231120.webp?v=1704429303",,,100ml / 3.38 fl. oz
Centella Blemish Cream,$21.00,"//cdn.shopify.com/s/files/1/0513/3775/6828/files/centella-blemish-cream-cosrx-official-1.jpg?v=1724835126,//cdn.shopify.com/s/files/1/0513/3775/6828/files/centella-blemish-cream-cosrx-official-2.jpg?v=1724835128,//cdn.shopify.com/s/files/1/0513/3775/6828/files/centella-blemish-cream-cosrx-official-3.jpg?v=1724835130,//cdn.shopify.com/s/files/1/0513/3775/6828/files/centella-blemish-cream-cosrx-official-4.jpg?v=1724835132,//cdn.shopify.com/s/files/1/0513/3775/6828/files/centella-blemish-cream-cosrx-official-5.jpg?v=1724835134,//cdn.shopify.com/s/files/1/0513/3775/6828/files/centella-blemish-cream-cosrx-official-6.jpg?v=1724835136,//cdn.shopify.com/s/files/1/0513/3775/6828/files/centella-blemish-cream-cosrx-official-7.jpg?v=1724835139",,,1.05 fl.oz / 30g
One Step Moisture Up Pad,$22.00,"//cdn.shopify.com/s/files/1/0513/3775/6828/files/Moisture_Pad_0.jpg?v=1710475791,//cdn.shopify.com/s/files/1/0513/3775/6828/files/Moisture_Pad_1.jpg?v=1710475793,//cdn.shopify.com/s/files/1/0513/3775/6828/files/Moisture_Pad_2.jpg?v=1724836770,//cdn.shopify.com/s/files/1/0513/3775/6828/files/Moisture_Pad_3.jpg?v=1710475797,//cdn.shopify.com/s/files/1/0513/3775/6828/files/Moisture_Pad_4.jpg?v=1710475800,//cdn.shopify.com/s/files/1/0513/3775/6828/files/Moisture_Pad_5.jpg?v=1710475802,//cdn.shopify.com/s/files/1/0513/3775/6828/files/Moisture_Pad_6.jpg?v=1710475804,//cdn.shopify.com/s/files/1/0513/3775/6828/files/Moisture_Pad_7.jpg?v=1710475806,//cdn.shopify.com/s/files/1/0513/3775/6828/files/Moisture_Pad_8.jpg?v=1724836783,//cdn.shopify.com/s/files/1/0513/3775/6828/files/Moisture_Pad_9.jpg?v=1710475809,//cdn.shopify.com/s/files/1/0513/3775/6828/files/Moisture_Pad_10.jpg?v=1710475812,//cdn.shopify.com/s/files/1/0513/3775/6828/files/Moisture_Pad_11.jpg?v=1710475814",,,
5 Peptide Collagen Tinted Lip Fill Treatment,$16.00,"//cdn.shopify.com/s/files/1/0513/3775/6828/files/5PeptideLipTint_Strawberry_00.jpg?v=1788310795,//cdn.shopify.com/s/files/1/0513/3775/6828/files/5PeptideLipTint_Strawberry_01.jpg?v=1788310787,//cdn.shopify.com/s/files/1/0513/3775/6828/files/5PeptideLipTint_Strawberry_02.jpg?v=1788310788,//cdn.shopify.com/s/files/1/0513/3775/6828/files/5PeptideLipTint_Strawberry_03.jpg?v=1788310788,//cdn.shopify.com/s/files/1/0513/3775/6828/files/5PeptideLipTint_Strawberry_04.jpg?v=1788310788,//cdn.shopify.com/s/files/1/0513/3775/6828/files/5PeptideLipTint_Strawberry_05.jpg?v=1788310788,//cdn.shopify.com/s/files/1/0513/3775/6828/files/5PeptideLipTint_Strawberry_06.jpg?v=1788310787,//cdn.shopify.com/s/files/1/0513/3775/6828/files/5_Peptide_Lip_Tint_Sour_Berry_Jelly_07.jpg?v=1788310832,//cdn.shopify.com/s/files/1/0513/3775/6828/files/5PeptideLipTint_Strawberry_08.jpg?v=1788310787,//cdn.shopify.com/s/files/1/0513/3775/6828/files/5_Peptide_Lip_Tint_Strawberry_09.jpg?v=1788425693,//cdn.shopify.com/s/files/1/0513/3775/6828/files/5PeptideLipTint_Strawberry_10.jpg?v=1788310787,//cdn.shopify.com/s/files/1/0513/3775/6828/files/5PeptideLipTint_Strawberry_11.jpg?v=1788310787,//cdn.shopify.com/s/files/1/0513/3775/6828/files/5PeptideLipTint_Strawberry_12.jpg?v=1788310787,//cdn.shopify.com/s/files/1/0513/3775/6828/files/5PeptideLipTint_Strawberry_13.jpg?v=1788310788,//cdn.shopify.com/s/files/1/0513/3775/6828/files/5PeptideLipTint_Strawberry_14.jpg?v=1788310787,//cdn.shopify.com/s/files/1/0513/3775/6828/files/5PeptideLipTint_Strawberry_15A.jpg?v=1788310791,//cdn.shopify.com/s/files/1/0513/3775/6828/files/5PeptideLipTint_Strawberry_15B.jpg?v=1788310795,//cdn.shopify.com/s/files/1/0513/3775/6828/files/5_Peptide_Lip_Tint_Cocoa_16.jpg?v=1788310885,//cdn.shopify.com/s/files/1/0513/3775/6828/files/5_Peptide_Lip_Tint_Sour_Berry_Jelly_00.jpg?v=1788310831,//cdn.shopify.com/s/files/1/0513/3775/6828/files/5_Peptide_Lip_Tint_Sour_Berry_Jelly_01.jpg?v=1788310832,//cdn.shopify.com/s/files/1/0513/3775/6828/files/5_Peptide_Lip_Tint_Sour_Berry_Jelly_02.jpg?v=1788310832,//cdn.shopify.com/s/files/1/0513/3775/6828/files/5_Peptide_Lip_Tint_Sour_Berry_Jelly_03.jpg?v=1788310832,//cdn.shopify.com/s/files/1/0513/3775/6828/files/5_Peptide_Lip_Tint_Sour_Berry_Jelly_04.jpg?v=1788310832,//cdn.shopify.com/s/files/1/0513/3775/6828/files/5_Peptide_Lip_Tint_Sour_Berry_Jelly_05.jpg?v=1788310833,//cdn.shopify.com/s/files/1/0513/3775/6828/files/5_Peptide_Lip_Tint_Sour_Berry_Jelly_06.jpg?v=1788310832,//cdn.shopify.com/s/files/1/0513/3775/6828/files/5PeptideLipTint_Strawberry_07.jpg?v=1788310787,//cdn.shopify.com/s/files/1/0513/3775/6828/files/5_Peptide_Lip_Tint_Sour_Berry_Jelly_08.jpg?v=1788310831,//cdn.shopify.com/s/files/1/0513/3775/6828/files/5_Peptide_Lip_Tint_Sour_Berry_Jelly_09_aad6b0b5-8411-4d34-9f6f-e26c1f72500c.jpg?v=1788425700,//cdn.shopify.com/s/files/1/0513/3775/6828/files/5_Peptide_Lip_Tint_Sour_Berry_Jelly_10.jpg?v=1788310830,//cdn.shopify.com/s/files/1/0513/3775/6828/files/5_Peptide_Lip_Tint_Sour_Berry_Jelly_11.jpg?v=1788310831,//cdn.shopify.com/s/files/1/0513/3775/6828/files/5_Peptide_Lip_Tint_Sour_Berry_Jelly_12.jpg?v=1788310831,//cdn.shopify.com/s/files/1/0513/3775/6828/files/5_Peptide_Lip_Tint_Sour_Berry_Jelly_13.jpg?v=1788310831,//cdn.shopify.com/s/files/1/0513/3775/6828/files/5_Peptide_Lip_Tint_Sour_Berry_Jelly_14.jpg?v=1788310831,//cdn.shopify.com/s/files/1/0513/3775/6828/files/5_Peptide_Lip_Tint_Strawberry_15_9ed341c4-d8ce-40c1-9990-3e81e2aee6b8.jpg?v=1788426015,//cdn.shopify.com/s/files/1/0513/3775/6828/files/5_Peptide_Lip_Tint_Strawberry_16_7d53ddf6-a100-40c0-bceb-85102d65106c.jpg?v=1788426015,//cdn.shopify.com/s/files/1/0513/3775/6828/files/5_Peptide_Lip_Tint_Peach_00.jpg?v=1788310846,//cdn.shopify.com/s/files/1/0513/3775/6828/files/5_Peptide_Lip_Tint_Peach_01.jpg?v=1788310847,//cdn.shopify.com/s/files/1/0513/3775/6828/files/5_Peptide_Lip_Tint_Peach_02.jpg?v=1788310846,//cdn.shopify.com/s/files/1/0513/3775/6828/files/5_Peptide_Lip_Tint_Peach_03.jpg?v=1788310847,//cdn.shopify.com/s/files/1/0513/3775/6828/files/5_Peptide_Lip_Tint_Peach_04.jpg?v=1788310847,//cdn.shopify.com/s/files/1/0513/3775/6828/files/5_Peptide_Lip_Tint_Peach_05.jpg?v=1788310848,//cdn.shopify.com/s/files/1/0513/3775/6828/files/5_Peptide_Lip_Tint_Peach_06.jpg?v=1788310847,//cdn.shopify.com/s/files/1/0513/3775/6828/files/5_Peptide_Lip_Tint_Peach_07.jpg?v=1788310847,//cdn.shopify.com/s/files/1/0513/3775/6828/files/5_Peptide_Lip_Tint_Peach_08.jpg?v=1788310848,//cdn.shopify.com/s/files/1/0513/3775/6828/files/5_Peptide_Lip_Tint_Peach_10.jpg?v=1788310848,//cdn.shopify.com/s/files/1/0513/3775/6828/files/5_Peptide_Lip_Tint_Peach_09_e9ae8e26-971e-4e47-be40-7d888edddae0.jpg?v=1788425707,//cdn.shopify.com/s/files/1/0513/3775/6828/files/5_Peptide_Lip_Tint_Peach_11.jpg?v=1788310848,//cdn.shopify.com/s/files/1/0513/3775/6828/files/5_Peptide_Lip_Tint_Peach_12.jpg?v=1788310848,//cdn.shopify.com/s/files/1/0513/3775/6828/files/5_Peptide_Lip_Tint_Peach_13.jpg?v=1788310847,//cdn.shopify.com/s/files/1/0513/3775/6828/files/5_Peptide_Lip_Tint_Peach_14.jpg?v=1788310846,//cdn.shopify.com/s/files/1/0513/3775/6828/files/5_Peptide_Lip_Tint_Strawberry_15_8b56d789-7520-4e20-8c03-006e38b63705.jpg?v=1788425948,//cdn.shopify.com/s/files/1/0513/3775/6828/files/5_Peptide_Lip_Tint_Strawberry_16_7031f1c6-6db6-4bff-9171-88e5ba35fc7c.jpg?v=1788425948,//cdn.shopify.com/s/files/1/0513/3775/6828/files/5_Peptide_Lip_Tint_Cherry_00.jpg?v=1788310857,//cdn.shopify.com/s/files/1/0513/3775/6828/files/5_Peptide_Lip_Tint_Cherry_01.jpg?v=1788310858,//cdn.shopify.com/s/files/1/0513/3775/6828/files/5_Peptide_Lip_Tint_Cherry_02.jpg?v=1788310858,//cdn.shopify.com/s/files/1/0513/3775/6828/files/5_Peptide_Lip_Tint_Cherry_03.jpg?v=1788310858,//cdn.shopify.com/s/files/1/0513/3775/6828/files/5_Peptide_Lip_Tint_Cherry_04.jpg?v=1788310861,//cdn.shopify.com/s/files/1/0513/3775/6828/files/5_Peptide_Lip_Tint_Cherry_05.jpg?v=1788310858,//cdn.shopify.com/s/files/1/0513/3775/6828/files/5_Peptide_Lip_Tint_Cherry_06.jpg?v=1788310858,//cdn.shopify.com/s/files/1/0513/3775/6828/files/5_Peptide_Lip_Tint_Cherry_07.jpg?v=1788310858,//cdn.shopify.com/s/files/1/0513/3775/6828/files/5_Peptide_Lip_Tint_Cherry_08.jpg?v=1788310858,//cdn.shopify.com/s/files/1/0513/3775/6828/files/5_Peptide_Lip_Tint_Cherry_09_8e32da3e-ae0c-4b6b-a585-3210ecc66efc.jpg?v=1788425714,//cdn.shopify.com/s/files/1/0513/3775/6828/files/5_Peptide_Lip_Tint_Cherry_10.jpg?v=1788310858,//cdn.shopify.com/s/files/1/0513/3775/6828/files/5_Peptide_Lip_Tint_Cherry_11.jpg?v=1788310856,//cdn.shopify.com/s/files/1/0513/3775/6828/files/5_Peptide_Lip_Tint_Cherry_12.jpg?v=1788310857,//cdn.shopify.com/s/files/1/0513/3775/6828/files/5_Peptide_Lip_Tint_Cherry_13.jpg?v=1788310857,//cdn.shopify.com/s/files/1/0513/3775/6828/files/5_Peptide_Lip_Tint_Cherry_14.jpg?v=1788310857,//cdn.shopify.com/s/files/1/0513/3775/6828/files/5_Peptide_Lip_Tint_Strawberry_15_892850c3-9a07-4aa3-bb12-24ad8511fdf7.jpg?v=1788425951,//cdn.shopify.com/s/files/1/0513/3775/6828/files/5_Peptide_Lip_Tint_Strawberry_16_9e796762-fb17-4ae0-8e30-28448334d7ba.jpg?v=1788425951,//cdn.shopify.com/s/files/1/0513/3775/6828/files/5_Peptide_Lip_Tint_Cinnamon_00.jpg?v=1788310874,//cdn.shopify.com/s/files/1/0513/3775/6828/files/5_Peptide_Lip_Tint_Cinnamon_01.jpg?v=1788310875,//cdn.shopify.com/s/files/1/0513/3775/6828/files/5_Peptide_Lip_Tint_Cinnamon_02.jpg?v=1788310875,//cdn.shopify.com/s/files/1/0513/3775/6828/files/5_Peptide_Lip_Tint_Cinnamon_03.jpg?v=1788310875,//cdn.shopify.com/s/files/1/0513/3775/6828/files/5_Peptide_Lip_Tint_Cinnamon_04.jpg?v=1788310875,//cdn.shopify.com/s/files/1/0513/3775/6828/files/5_Peptide_Lip_Tint_Cinnamon_05.jpg?v=1788310876,//cdn.shopify.com/s/files/1/0513/3775/6828/files/5_Peptide_Lip_Tint_Cinnamon_06.jpg?v=1788310875,//cdn.shopify.com/s/files/1/0513/3775/6828/files/5_Peptide_Lip_Tint_Cinnamon_07.jpg?v=1788310876,//cdn.shopify.com/s/files/1/0513/3775/6828/files/5_Peptide_Lip_Tint_Cinnamon_08.jpg?v=1788310876,//cdn.shopify.com/s/files/1/0513/3775/6828/files/5_Peptide_Lip_Tint_Cinnamon_09_93d9fa47-e1ab-4278-9c73-cc5d9741ebb7.jpg?v=1788425724,//cdn.shopify.com/s/files/1/0513/3775/6828/files/5_Peptide_Lip_Tint_Cinnamon_10.jpg?v=1788310876,//cdn.shopify.com/s/files/1/0513/3775/6828/files/5_Peptide_Lip_Tint_Cinnamon_11.jpg?v=1788310876,//cdn.shopify.com/s/files/1/0513/3775/6828/files/5_Peptide_Lip_Tint_Cinnamon_12.jpg?v=1788310874,//cdn.shopify.com/s/files/1/0513/3775/6828/files/5_Peptide_Lip_Tint_Cinnamon_13.jpg?v=1788310874,//cdn.shopify.com/s/files/1/0513/3775/6828/files/5_Peptide_Lip_Tint_Cinnamon_14.jpg?v=1788310875,//cdn.shopify.com/s/files/1/0513/3775/6828/files/5_Peptide_Lip_Tint_Strawberry_15_3e2320c3-1bd6-489d-883f-e7461885f28b.jpg?v=1788425954,//cdn.shopify.com/s/files/1/0513/3775/6828/files/5_Peptide_Lip_Tint_Strawberry_16_708bebe1-0a17-400d-a556-e332e3b024ca.jpg?v=1788425954,//cdn.shopify.com/s/files/1/0513/3775/6828/files/5_Peptide_Lip_Tint_Cocoa_00.jpg?v=1788310885,//cdn.shopify.com/s/files/1/0513/3775/6828/files/5_Peptide_Lip_Tint_Cocoa_01.jpg?v=1788310886,//cdn.shopify.com/s/files/1/0513/3775/6828/files/5_Peptide_Lip_Tint_Cocoa_02.jpg?v=1788310886,//cdn.shopify.com/s/files/1/0513/3775/6828/files/5_Peptide_Lip_Tint_Cocoa_03.jpg?v=1788310886,//cdn.shopify.com/s/files/1/0513/3775/6828/files/5_Peptide_Lip_Tint_Cocoa_04.jpg?v=1788310886,//cdn.shopify.com/s/files/1/0513/3775/6828/files/5_Peptide_Lip_Tint_Cocoa_05.jpg?v=1788310886,//cdn.shopify.com/s/files/1/0513/3775/6828/files/5_Peptide_Lip_Tint_Cocoa_06.jpg?v=1788310886,//cdn.shopify.com/s/files/1/0513/3775/6828/files/5_Peptide_Lip_Tint_Cocoa_07.jpg?v=1788310886,//cdn.shopify.com/s/files/1/0513/3775/6828/files/5_Peptide_Lip_Tint_Cocoa_08.jpg?v=1788310886,//cdn.shopify.com/s/files/1/0513/3775/6828/files/5_Peptide_Lip_Tint_Cocoa_09_de0d8e83-27e5-486d-aea0-e3b5af57c2f5.jpg?v=1788425731,//cdn.shopify.com/s/files/1/0513/3775/6828/files/5_Peptide_Lip_Tint_Cocoa_10.jpg?v=1788310888,//cdn.shopify.com/s/files/1/0513/3775/6828/files/5_Peptide_Lip_Tint_Cocoa_11.jpg?v=1788310884,//cdn.shopify.com/s/files/1/0513/3775/6828/files/5_Peptide_Lip_Tint_Cocoa_12.jpg?v=1788310884,//cdn.shopify.com/s/files/1/0513/3775/6828/files/5_Peptide_Lip_Tint_Cocoa_13.jpg?v=1788310885,//cdn.shopify.com/s/files/1/0513/3775/6828/files/5_Peptide_Lip_Tint_Cocoa_14.jpg?v=1788310885,//cdn.shopify.com/s/files/1/0513/3775/6828/files/5_Peptide_Lip_Tint_Strawberry_15_526a5d44-bb67-4679-af4a-c94f631c1235.jpg?v=1788425957,//cdn.shopify.com/s/files/1/0513/3775/6828/files/5_Peptide_Lip_Tint_Strawberry_16_6bc3b4f1-b141-4943-916a-8c3fd152619d.jpg?v=1788425957,//cdn.shopify.com/s/files/1/0513/3775/6828/files/5_Peptide_Lip_Tint_Black_Cherry_00.jpg?v=1788310893,//cdn.shopify.com/s/files/1/0513/3775/6828/files/5_Peptide_Lip_Tint_Black_Cherry_01.jpg?v=1788310894,//cdn.shopify.com/s/files/1/0513/3775/6828/files/5_Peptide_Lip_Tint_Black_Cherry_02.jpg?v=1788310894,//cdn.shopify.com/s/files/1/0513/3775/6828/files/5_Peptide_Lip_Tint_Black_Cherry_03.jpg?v=1788310894,//cdn.shopify.com/s/files/1/0513/3775/6828/files/5_Peptide_Lip_Tint_Black_Cherry_04.jpg?v=1788310894,//cdn.shopify.com/s/files/1/0513/3775/6828/files/5_Peptide_Lip_Tint_Black_Cherry_05.jpg?v=1788310895,//cdn.shopify.com/s/files/1/0513/3775/6828/files/5_Peptide_Lip_Tint_Black_Cherry_06.jpg?v=1788310895,//cdn.shopify.com/s/files/1/0513/3775/6828/files/5_Peptide_Lip_Tint_Black_Cherry_07.jpg?v=1788310895,//cdn.shopify.com/s/files/1/0513/3775/6828/files/5_Peptide_Lip_Tint_Black_Cherry_08.jpg?v=1788310895,//cdn.shopify.com/s/files/1/0513/3775/6828/files/5_Peptide_Lip_Tint_Black_Cherry_09_11fc575a-dbbb-401f-8f84-a8d41ef3413c.jpg?v=1788425738,//cdn.shopify.com/s/files/1/0513/3775/6828/files/5_Peptide_Lip_Tint_Black_Cherry_10.jpg?v=1788310895,//cdn.shopify.com/s/files/1/0513/3775/6828/files/5_Peptide_Lip_Tint_Black_Cherry_11.jpg?v=1788310893,//cdn.shopify.com/s/files/1/0513/3775/6828/files/5_Peptide_Lip_Tint_Black_Cherry_12.jpg?v=1788310894,//cdn.shopify.com/s/files/1/0513/3775/6828/files/5_Peptide_Lip_Tint_Black_Cherry_13.jpg?v=1788310894,//cdn.shopify.com/s/files/1/0513/3775/6828/files/5_Peptide_Lip_Tint_Black_Cherry_14.jpg?v=1788310898,//cdn.shopify.com/s/files/1/0513/3775/6828/files/5_Peptide_Lip_Tint_Strawberry_15.jpg?v=1788425942,//cdn.shopify.com/s/files/1/0513/3775/6828/files/5_Peptide_Lip_Tint_Strawberry_16.jpg?v=1788425942",,5 Peptide Complex + Collagen,12g / 0.42 oz.
5 Peptide Ceramide Barrier Comfort Lip Mask,$15.00,"//cdn.shopify.com/s/files/1/0513/3775/6828/files/5Peptide-Lip_Mask_00.jpg?v=1788426952,//cdn.shopify.com/s/files/1/0513/3775/6828/files/5Peptide-Lip_Mask_01.jpg?v=1788426952,//cdn.shopify.com/s/files/1/0513/3775/6828/files/5Peptide-Lip_Mask_02.jpg?v=1788426952,//cdn.shopify.com/s/files/1/0513/3775/6828/files/5Peptide-Lip_Mask_03.jpg?v=1788426952,//cdn.shopify.com/s/files/1/0513/3775/6828/files/5Peptide-Lip_Mask_04.jpg?v=1788426952,//cdn.shopify.com/s/files/1/0513/3775/6828/files/5Peptide-Lip_Mask_05.jpg?v=1788426953,//cdn.shopify.com/s/files/1/0513/3775/6828/files/5Peptide-Lip_Mask_06.jpg?v=1788426953,//cdn.shopify.com/s/files/1/0513/3775/6828/files/5Peptide-Lip_Mask_07.jpg?v=1788426952,//cdn.shopify.com/s/files/1/0513/3775/6828/files/5Peptide-Lip_Mask_08.jpg?v=1788426952,//cdn.shopify.com/s/files/1/0513/3775/6828/files/5Peptide-Lip_Mask_09.jpg?v=1788426953,//cdn.shopify.com/s/files/1/0513/3775/6828/files/5Peptide-Lip_Mask_10.jpg?v=1788426952,//cdn.shopify.com/s/files/1/0513/3775/6828/files/5Peptide-Lip_Mask_11.jpg?v=1788426952,//cdn.shopify.com/s/files/1/0513/3775/6828/files/5Peptide-Lip_Mask_12.jpg?v=1788426952,//cdn.shopify.com/s/files/1/0513/3775/6828/files/5Peptide-Lip_Mask_13.jpg?v=1788426953",,5 Peptide Complex + Ceramide,12g / 0.42 oz.
Peptide-132 Hair Home Care Duo,$51.00,"//cdn.shopify.com/s/files/1/0513/3775/6828/files/260703__132__800x1067_3fccb999-f8c2-486e-972e-2e66b3e4eb4b.webp?v=1783410428,//cdn.shopify.com/s/files/1/0513/3775/6828/files/260703__132_2__800x1067_88212ed7-3f97-48ec-bb03-5acd7be1915d.webp?v=1783410428",,,
COSRX Azelaic Acid 20 B5 Redness Soothing Cream,$22.00,"//cdn.shopify.com/s/files/1/0513/3775/6828/files/AzelaicAcid_20_Cream_00-elementor-io-optimized_053c8df8-aeba-4cb7-afd5-e07570dfad48.webp?v=1782711153,//cdn.shopify.com/s/files/1/0513/3775/6828/files/AzelaicAcid_20_Cream_01-elementor-io-optimized.webp?v=1782711067,//cdn.shopify.com/s/files/1/0513/3775/6828/files/AzelaicAcid_20_Cream_02-elementor-io-optimized.webp?v=1782711067,//cdn.shopify.com/s/files/1/0513/3775/6828/files/AzelaicAcid_20_Cream_03-elementor-io-optimized.webp?v=1782711067,//cdn.shopify.com/s/files/1/0513/3775/6828/files/AzelaicAcid_20_Cream_05-elementor-io-optimized.webp?v=1782711067,//cdn.shopify.com/s/files/1/0513/3775/6828/files/AzelaicAcid_20_Cream_06-elementor-io-optimized.webp?v=1782711067,//cdn.shopify.com/s/files/1/0513/3775/6828/files/AzelaicAcid_20_Cream_07-elementor-io-optimized.webp?v=1782711067,//cdn.shopify.com/s/files/1/0513/3775/6828/files/AzelaicAcid_20_Cream_08-elementor-io-optimized.webp?v=1782711067,//cdn.shopify.com/s/files/1/0513/3775/6828/files/AzelaicAcid_20_Cream_09-elementor-io-optimized.webp?v=1782711067,//cdn.shopify.com/s/files/1/0513/3775/6828/files/AzelaicAcid_20_Cream_10-elementor-io-optimized.webp?v=1782711067,//cdn.shopify.com/s/files/1/0513/3775/6828/files/AzelaicAcid_20_Cream_11-elementor-io-optimized.webp?v=1782711067,//cdn.shopify.com/s/files/1/0513/3775/6828/files/AzelaicAcid_20_Cream_12.webp?v=1783057188,//cdn.shopify.com/s/files/1/0513/3775/6828/files/AzelaicAcid_20_Cream_13-elementor-io-optimized.webp?v=1782711067,//cdn.shopify.com/s/files/1/0513/3775/6828/files/AzelaicAcid_20_Cream_14-elementor-io-optimized.webp?v=1782711067,//cdn.shopify.com/s/files/1/0513/3775/6828/files/AzelaicAcid_20_Cream_15-elementor-io-optimized.webp?v=1782711067,//cdn.shopify.com/s/files/1/0513/3775/6828/files/AzelaicAcid_20_Cream_16-elementor-io-optimized.webp?v=1782711067,//cdn.shopify.com/s/files/1/0513/3775/6828/files/AzelaicAcid_20_Cream_18-elementor-io-optimized.webp?v=1782711067,//cdn.shopify.com/s/files/1/0513/3775/6828/files/AzelaicAcid_20_Cream_19-elementor-io-optimized.webp?v=1782711067,//cdn.shopify.com/s/files/1/0513/3775/6828/files/preview_images/7924628a954147afba0679ce4e3a8c24.thumbnail.0000000000_1024x.jpg?v=1782710914,//cdn.shopify.com/s/files/1/0513/3775/6828/files/preview_images/f09ed1c0567849c0a7aeb9f5e4ab1939.thumbnail.0000000000_1024x.jpg?v=1782710920","https://cdn.shopify.com/videos/c/vp/7924628a954147afba0679ce4e3a8c24/7924628a954147afba0679ce4e3a8c24.HD-720p-1.6Mbps-87642453.mp4,https://cdn.shopify.com/videos/c/vp/f09ed1c0567849c0a7aeb9f5e4ab1939/f09ed1c0567849c0a7aeb9f5e4ab1939.HD-720p-4.5Mbps-87642452.mp4",AzelaicAcid 20%,30mL / 1.01 fl. oz.
Two in One Poreless Power Liquid,$25.00,"//cdn.shopify.com/s/files/1/0513/3775/6828/files/two-in-one-poreless-power-liquid-cosrx-official-1.jpg?v=1724835162,//cdn.shopify.com/s/files/1/0513/3775/6828/files/two-in-one-poreless-power-liquid-cosrx-official-2.jpg?v=1724835164,//cdn.shopify.com/s/files/1/0513/3775/6828/files/two-in-one-poreless-power-liquid-cosrx-official-3.jpg?v=1724835166,//cdn.shopify.com/s/files/1/0513/3775/6828/files/two-in-one-poreless-power-liquid-cosrx-official-4.jpg?v=1724835169,//cdn.shopify.com/s/files/1/0513/3775/6828/files/two-in-one-poreless-power-liquid-cosrx-official-5.jpg?v=1724835171,//cdn.shopify.com/s/files/1/0513/3775/6828/files/two-in-one-poreless-power-liquid-cosrx-official-6.jpg?v=1724835173",,,
All-Day Sun Protection Duo,$39.10,//cdn.shopify.com/s/files/1/0513/3775/6828/files/e_-__800x1067_e51c42f1-fbf8-4f2d-987a-20a9d10cdd74.jpg?v=1776761697,,,
PDRN Premium Routine Kit,$87.55,//cdn.shopify.com/s/files/1/0513/3775/6828/files/05_5PDRN_PremiumRoutine_Kit.jpg?v=1775202740,,,
PDRN Daily Routine Kit,$60.35,//cdn.shopify.com/s/files/1/0513/3775/6828/files/03_5PDRN_DailyRoutine_Kit_bfd28493-a098-4dda-8255-f322aa5c4e7f.jpg?v=1775202843,,,
PDRN Glass Skin Duo,$35.70,//cdn.shopify.com/s/files/1/0513/3775/6828/files/02_5PDRN_GlassSkin_Duo.jpg?v=1775202740,,,
PDRN Full Routine Kit,$73.10,//cdn.shopify.com/s/files/1/0513/3775/6828/files/04_5PDRN_FullRoutine_Kit_b9cfb81b-2c89-468c-a368-9d240765701f.jpg?v=1775436983,,,
